Run ID,Name,Source Type,Source Name,User,Status,backlooking_period,booster,colsample_bytree,eta,eval_metric,gamma,iter_step,max_depth,min_child_weight,model_name,n_estimators,nthread,seed,silent,subsample,tree_method,test_huber_loss,test_mean_absolute_error,test_mean_absolute_percentage_error,test_mean_directional_accuracy,test_mean_squared_error,test_mean_squared_logarithmic_error,test_true_direction_pos,train_huber_loss,train_mean_absolute_error,train_mean_absolute_percentage_error,train_mean_directional_accuracy,train_mean_squared_error,train_mean_squared_logarithmic_error,train_true_direction_pos,val_huber_loss,val_mean_absolute_error,val_mean_absolute_percentage_error,val_mean_directional_accuracy,val_mean_squared_error,val_mean_squared_logarithmic_error,val_true_direction_pos
2014065dbf954162bcb56ca2d2d48df1,,LOCAL,/Users/vanalmsick/Workspace/MasterThesis/app/e_analyses/d_XGBoost.py,vanalmsick,FINISHED,2,gbtree,0.6000000000000001,0.07500000000000001,mae,1.0,200400_201900,12,3.0,XGBoost,648.0,None,42,0,0.6000000000000001,exact,0.14980663359165192,0.29173171520233154,22429586,0.6155378222465515,0.25206857919692993,0.03733199089765549,0.5657370686531067,0.02154412493109703,0.2913161516189575,22458722,0.8132014870643616,0.2516000270843506,0.03723854944109917,0.5045430064201355,0.12806518375873566,0.29142671823501587,22440644,0.6400818228721619,0.2517938017845154,0.037257298827171326,0.5010225176811218
19308610c67e4cd49978c74987f4c34d,,LOCAL,/Users/vanalmsick/Workspace/MasterThesis/app/e_analyses/d_XGBoost.py,vanalmsick,FINISHED,2,gbtree,0.9,0.07500000000000001,mae,0.7000000000000001,200400_201900,1,4.0,XGBoost,554.0,None,42,0,0.7000000000000001,exact,0.15013255178928375,0.29176223278045654,22497842,0.6155378222465515,0.25225570797920227,0.03732839599251747,0.5657370686531067,0.11494775116443634,0.2913688123226166,22537388,0.6568679809570312,0.2518339455127716,0.03722319379448891,0.5045430064201355,0.12376159429550171,0.29146385192871094,22516974,0.6175869107246399,0.2519773244857788,0.037251029163599014,0.5010225176811218
2aee9ed966bb49689db1f3c0095166e2,,LOCAL,/Users/vanalmsick/Workspace/MasterThesis/app/e_analyses/d_XGBoost.py,vanalmsick,FINISHED,1,gbtree,0.8,0.30000000000000004,mae,0.6000000000000001,200400_201900,1,2.0,XGBoost,220.0,None,42,0,1.0,exact,0.15042510628700256,0.29131025075912476,22562428,0.6035856604576111,0.25179266929626465,0.03720591217279434,0.5657370686531067,0.11602389067411423,0.29092252254486084,22602430,0.6670230031013489,0.251367449760437,0.03710399568080902,0.5045430064201355,0.12207832932472229,0.2910071611404419,22579514,0.6421267986297607,0.2515081465244293,0.037131424993276596,0.5010225176811218
82709ebb0f8e4fdaab4672449cb66c22,,LOCAL,/Users/vanalmsick/Workspace/MasterThesis/app/e_analyses/d_XGBoost.py,vanalmsick,FINISHED,3,gbtree,0.6000000000000001,0.45,mae,0.9,200400_201900,5,1.0,XGBoost,353.0,None,42,0,0.7000000000000001,exact,0.18524643778800964,0.29086175560951233,22628714,0.5637450218200684,0.2513100504875183,0.03708358854055405,0.5657370686531067,0.022716157138347626,0.2899715304374695,22566418,0.7581506967544556,0.25015711784362793,0.03689570724964142,0.5045430064201355,0.17221181094646454,0.2903553545475006,22591742,0.5153374075889587,0.2507549524307251,0.03698325529694557,0.5010225176811218
8771288f3e16424e9ea3938e801f0723,,LOCAL,/Users/vanalmsick/Workspace/MasterThesis/app/e_analyses/d_XGBoost.py,vanalmsick,FINISHED,1,gbtree,1.0,0.375,mae,0.75,200400_201900,11,3.0,XGBoost,163.0,None,42,0,0.55,exact,0.19759202003479004,0.29039353132247925,22583724,0.5438246726989746,0.2508196532726288,0.03698059543967247,0.5657370686531067,0.01955091953277588,0.2895234227180481,22496912,0.7771245241165161,0.24980473518371582,0.036790236830711365,0.5045430064201355,0.15263323485851288,0.28984394669532776,22544882,0.5725971460342407,0.25013887882232666,0.036862216889858246,0.5010225176811218
a70dcf5e055d4628a02b848844f7baf4,,LOCAL,/Users/vanalmsick/Workspace/MasterThesis/app/e_analyses/d_XGBoost.py,vanalmsick,FINISHED,3,gbtree,0.9500000000000001,0.42500000000000004,mae,0.9,200400_201900,11,3.0,XGBoost,699.0,None,42,0,0.55,exact,0.21069352328777313,0.28998494148254395,22521868,0.5776892304420471,0.2504933178424835,0.03688082471489906,0.5657370686531067,0.01810634508728981,0.2889004647731781,22409030,0.778193473815918,0.2487393170595169,0.03662443533539772,0.5045430064201355,0.193406879901886,0.2893829941749573,22480948,0.5337423086166382,0.24958546459674835,0.03674737736582756,0.5010225176811218
231fc0d615c94a879cd17bec1e58113e,,LOCAL,/Users/vanalmsick/Workspace/MasterThesis/app/e_analyses/d_XGBoost.py,vanalmsick,FINISHED,4,gbtree,0.8500000000000001,0.275,mae,0.55,200400_201900,5,5.0,XGBoost,562.0,None,42,0,0.8,exact,0.17115820944309235,0.2893740236759186,22431738,0.5597609281539917,0.2494407445192337,0.0367155596613884,0.5657370686531067,0.01291412953287363,0.28868427872657776,22401296,0.8198823928833008,0.2485319823026657,0.0365479402244091,0.5045430064201355,0.14820031821727753,0.28894126415252686,22419784,0.5623722076416016,0.24892109632492065,0.036606717854738235,0.5010225176811218
806d6a574a9540e4a3dc56138409baf4,,LOCAL,/Users/vanalmsick/Workspace/MasterThesis/app/e_analyses/d_XGBoost.py,vanalmsick,FINISHED,3,gbtree,0.9,0.1,mae,0.55,200300_201800,7,1.0,XGBoost,757.0,None,42,0,0.65,exact,0.12611795961856842,0.28924620151519775,22438450,0.6053169965744019,0.249274343252182,0.03664916753768921,0.5010225176811218,0.012737554498016834,0.2888537347316742,22485452,0.8436005711555481,0.24854613840579987,0.03656385466456413,0.5071730017662048,0.16440628468990326,0.28912490606307983,22468870,0.6086021661758423,0.24908705055713654,0.03661853447556496,0.5118279457092285
681643b9b1d748688f15821b0c7b52c1,,LOCAL,/Users/vanalmsick/Workspace/MasterThesis/app/e_analyses/d_XGBoost.py,vanalmsick,FINISHED,3,gbtree,0.5,0.4,mae,0.5,200300_201800,2,4.0,XGBoost,522.0,None,42,0,0.75,exact,0.15316395461559296,0.28942832350730896,22532592,0.5480572581291199,0.24929721653461456,0.0366675928235054,0.5010225176811218,0.025805149227380753,0.28860047459602356,22443788,0.7684950828552246,0.24818730354309082,0.03651745989918709,0.5071730017662048,0.1877005249261856,0.28909236192703247,22486372,0.5548387169837952,0.2489129900932312,0.03659722954034805,0.5118279457092285
4474e7604f674cf5b03c69525bd9fc06,,LOCAL,/Users/vanalmsick/Workspace/MasterThesis/app/e_analyses/d_XGBoost.py,vanalmsick,FINISHED,4,gbtree,0.7000000000000001,0.25,mae,0.55,200300_201800,11,5.0,XGBoost,622.0,None,42,0,0.6000000000000001,exact,0.14829200506210327,0.28901711106300354,22463118,0.593047022819519,0.2488556206226349,0.03660332411527634,0.5010225176811218,0.011072820983827114,0.2884393632411957,22465562,0.8270041942596436,0.2478584200143814,0.036492377519607544,0.5071730017662048,0.16615499556064606,0.28877294063568115,22456880,0.6043010950088501,0.24843941628932953,0.03653784468770027,0.5118279457092285
2d8b587802734376b9037bd7b6e9dd65,,LOCAL,/Users/vanalmsick/Workspace/MasterThesis/app/e_analyses/d_XGBoost.py,vanalmsick,FINISHED,3,gbtree,0.55,0.42500000000000004,mae,0.5,200300_201800,3,6.0,XGBoost,763.0,None,42,0,0.7000000000000001,exact,0.17204876244068146,0.289044588804245,22506106,0.5378323197364807,0.24863405525684357,0.03659878671169281,0.5010225176811218,0.015489737503230572,0.28799524903297424,22431274,0.7969057559967041,0.24700209498405457,0.03639185056090355,0.5071730017662048,0.2156275361776352,0.288621723651886,22460236,0.5290322303771973,0.24805474281311035,0.03650031238794327,0.5118279457092285
6d699f4549e84c6fb690763c02a19d6a,,LOCAL,/Users/vanalmsick/Workspace/MasterThesis/app/e_analyses/d_XGBoost.py,vanalmsick,FINISHED,3,gbtree,0.5,0.5,mae,0.5,200300_201800,2,1.0,XGBoost,643.0,None,42,0,0.65,exact,0.17628557980060577,0.2885343134403229,22458956,0.511247456073761,0.24775215983390808,0.03649192303419113,0.5010225176811218,0.020139699801802635,0.28743472695350647,22349146,0.7668073177337646,0.24619735777378082,0.036290306597948074,0.5071730017662048,0.20626989006996155,0.28803449869155884,22388668,0.5204300880432129,0.24714718759059906,0.0363784097135067,0.5118279457092285
648f4e715c93456889c749d5f15fdd70,,LOCAL,/Users/vanalmsick/Workspace/MasterThesis/app/e_analyses/d_XGBoost.py,vanalmsick,FINISHED,2,gbtree,0.6000000000000001,0.07500000000000001,mae,0.75,200300_201800,8,3.0,XGBoost,371.0,None,42,0,0.8,exact,0.12476631999015808,0.28790807723999023,22367076,0.627811849117279,0.24691987037658691,0.03638293221592903,0.5010225176811218,0.019101997837424278,0.28753024339675903,22413406,0.8227847814559937,0.24619676172733307,0.03630775585770607,0.5071730017662048,0.158650204539299,0.287792831659317,22392718,0.6150537729263306,0.24674254655838013,0.036358874291181564,0.5118279457092285
f7383160b2a741cfb6bde0869fcaeb46,,LOCAL,/Users/vanalmsick/Workspace/MasterThesis/app/e_analyses/d_XGBoost.py,vanalmsick,FINISHED,4,gbtree,0.7000000000000001,0.275,mae,0.8,200300_201800,1,2.0,XGBoost,493.0,None,42,0,0.8500000000000001,exact,0.13960525393486023,0.2880544066429138,22465036,0.5501022338867188,0.24693433940410614,0.036408331245183945,0.5010225176811218,0.08908379822969437,0.28745314478874207,22470240,0.6812939643859863,0.24601653218269348,0.03630592301487923,0.5071730017662048,0.1679428219795227,0.2878132164478302,22472140,0.5376344323158264,0.24661654233932495,0.036360964179039,0.5118279457092285
1a032a04377c4de2b1dbc6744a623be7,,LOCAL,/Users/vanalmsick/Workspace/MasterThesis/app/e_analyses/d_XGBoost.py,vanalmsick,FINISHED,1,gbtree,0.8500000000000001,0.30000000000000004,mae,0.65,200300_201800,10,3.0,XGBoost,137.0,None,42,0,1.0,exact,0.12650488317012787,0.2874705195426941,22482624,0.6441717743873596,0.24620579183101654,0.03632018715143204,0.5010225176811218,0.018116625025868416,0.2869418263435364,22467192,0.8196905851364136,0.2453399896621704,0.03621789440512657,0.5071730017662048,0.17681767046451569,0.2873249053955078,22473090,0.5978494882583618,0.2460273653268814,0.0362883098423481,0.5118279457092285
02073506b74a4225834325b5d4364985,,LOCAL,/Users/vanalmsick/Workspace/MasterThesis/app/e_analyses/d_XGBoost.py,vanalmsick,FINISHED,2,gbtree,0.75,0.35000000000000003,mae,0.9500000000000001,200300_201800,9,2.0,XGBoost,339.0,None,42,0,0.5,exact,0.15967243909835815,0.28748828172683716,22516578,0.5766870975494385,0.2460976243019104,0.036321140825748444,0.5010225176811218,0.02231089025735855,0.28653353452682495,22430970,0.7575246095657349,0.24459446966648102,0.03612905368208885,0.5071730017662048,0.19841879606246948,0.28708523511886597,22458988,0.5526881814002991,0.24554391205310822,0.03625043109059334,0.5118279457092285
5a5a4c9bf7a2421ea4a95c93d9543b6e,,LOCAL,/Users/vanalmsick/Workspace/MasterThesis/app/e_analyses/d_XGBoost.py,vanalmsick,FINISHED,1,gbtree,0.8,0.325,mae,0.8500000000000001,200300_201800,10,2.0,XGBoost,373.0,None,42,0,0.7000000000000001,exact,0.14023993909358978,0.2869936227798462,22451844,0.5971370339393616,0.2453269511461258,0.03622077777981758,0.5010225176811218,0.01943727768957615,0.2863113284111023,22435024,0.7935302257537842,0.24427688121795654,0.03612114489078522,0.5071730017662048,0.17774197459220886,0.28672558069229126,22444944,0.5784946084022522,0.2450127899646759,0.03616279363632202,0.5118279457092285
b6845621fd384d54815f8a15c825c696,,LOCAL,/Users/vanalmsick/Workspace/MasterThesis/app/e_analyses/d_XGBoost.py,vanalmsick,FINISHED,3,gbtree,1.0,0.47500000000000003,mae,0.8500000000000001,200300_201800,13,5.0,XGBoost,984.0,None,42,0,0.5,exact,0.21092331409454346,0.28683963418006897,22473860,0.5603271722793579,0.24503764510154724,0.03622293099761009,0.5010225176811218,0.01754015125334263,0.2853843867778778,22279996,0.7707454562187195,0.24284246563911438,0.035933297127485275,0.5071730017662048,0.22407649457454681,0.28615331649780273,22379474,0.5290322303771973,0.24404379725456238,0.03608391061425209,0.5118279457092285
23312f98fd514c638e19f4df9c31aa1a,,LOCAL,/Users/vanalmsick/Workspace/MasterThesis/app/e_analyses/d_XGBoost.py,vanalmsick,FINISHED,2,gbtree,0.65,0.17500000000000002,mae,0.65,200300_201800,8,3.0,XGBoost,173.0,None,42,0,0.9,exact,0.1223762035369873,0.28590479493141174,22295154,0.6216768622398376,0.2436206042766571,0.036031365394592285,0.5010225176811218,0.017398005351424217,0.28543853759765625,22333966,0.8292545676231384,0.24279356002807617,0.035928431898355484,0.5071730017662048,0.16549769043922424,0.2857568860054016,22314684,0.6215053796768188,0.24345791339874268,0.03599870577454567,0.5118279457092285
d3dfb4cf9e26491596943281af5bfce6,,LOCAL,/Users/vanalmsick/Workspace/MasterThesis/app/e_analyses/d_XGBoost.py,vanalmsick,FINISHED,1,gbtree,0.8500000000000001,0.30000000000000004,mae,0.55,200300_201800,4,3.0,XGBoost,642.0,None,42,0,0.8,exact,0.14577360451221466,0.2860153317451477,22386336,0.580777108669281,0.24358142912387848,0.036037079989910126,0.5010225176811218,0.018089504912495613,0.2852737605571747,22334710,0.7932489514350891,0.24232062697410583,0.03587732091546059,0.5071730017662048,0.17674142122268677,0.28571948409080505,22365532,0.5763440728187561,0.24316716194152832,0.035961925983428955,0.5118279457092285
34c5a159eae54415b2cee4b32ab3fc56,,LOCAL,/Users/vanalmsick/Workspace/MasterThesis/app/e_analyses/d_XGBoost.py,vanalmsick,FINISHED,3,gbtree,0.75,0.05,mae,0.7000000000000001,200300_201800,4,5.0,XGBoost,435.0,None,42,0,0.55,exact,0.12568721175193787,0.2858312726020813,22372880,0.6073619723320007,0.24311041831970215,0.03598332032561302,0.5010225176811218,0.03257763013243675,0.28535547852516174,22425306,0.7842475175857544,0.2422913908958435,0.03588789701461792,0.5071730017662048,0.15985454618930817,0.28566303849220276,22393324,0.5827956795692444,0.2428809553384781,0.035945210605859756,0.5118279457092285
9eaa851f56b347e495d86c2745c77880,,LOCAL,/Users/vanalmsick/Workspace/MasterThesis/app/e_analyses/d_XGBoost.py,vanalmsick,FINISHED,2,gbtree,0.6000000000000001,0.2,mae,0.65,200300_201800,12,4.0,XGBoost,878.0,None,42,0,0.75,exact,0.1261219084262848,0.285778284072876,22468956,0.6564416885375977,0.24297720193862915,0.03598003461956978,0.5010225176811218,0.013209381140768528,0.2851918041706085,22469008,0.8365682363510132,0.2419033795595169,0.035859618335962296,0.5071730017662048,0.1749192476272583,0.2856109142303467,22465564,0.5763440728187561,0.2427331507205963,0.035941172391176224,0.5118279457092285
f410d80d7bad4518a056cc08ad65ad3c,,LOCAL,/Users/vanalmsick/Workspace/MasterThesis/app/e_analyses/d_XGBoost.py,vanalmsick,FINISHED,1,gbtree,0.6000000000000001,0.125,mae,0.6000000000000001,200300_201800,13,3.0,XGBoost,289.0,None,42,0,0.8,exact,0.12390531599521637,0.28583934903144836,22520996,0.627811849117279,0.2427484095096588,0.03597664833068848,0.5010225176811218,0.015508408658206463,0.28534263372421265,22544488,0.8396624326705933,0.241866797208786,0.035885732620954514,0.5071730017662048,0.1639040857553482,0.28567904233932495,22531804,0.6236559152603149,0.2425379604101181,0.035943906754255295,0.5118279457092285
3a0c79d8f1d443f4b0b4e51ad0495ca5,,LOCAL,/Users/vanalmsick/Workspace/MasterThesis/app/e_analyses/d_XGBoost.py,vanalmsick,FINISHED,1,gbtree,0.6000000000000001,0.375,mae,0.8,200300_201800,5,2.0,XGBoost,224.0,None,42,0,0.9500000000000001,exact,0.1323586106300354,0.28596895933151245,22600814,0.6032719612121582,0.24270349740982056,0.03600224852561951,0.5010225176811218,0.024380212649703026,0.28527575731277466,22561092,0.7842475175857544,0.24164019525051117,0.03588248789310455,0.5071730017662048,0.1735009104013443,0.285739541053772,22595672,0.57419353723526,0.2423979490995407,0.035960301756858826,0.5118279457092285
46adf7d6a8304f489a7163c9d53d46bb,,LOCAL,/Users/vanalmsick/Workspace/MasterThesis/app/e_analyses/d_XGBoost.py,vanalmsick,FINISHED,2,gbtree,0.6000000000000001,0.42500000000000004,mae,0.6000000000000001,200300_201800,12,3.0,XGBoost,341.0,None,42,0,0.9,exact,0.1406877189874649,0.2857857346534729,22601174,0.5848670601844788,0.24241463840007782,0.03598445653915405,0.5010225176811218,0.012347094714641571,0.28503042459487915,22558388,0.8222222328186035,0.24112901091575623,0.03585205227136612,0.5071730017662048,0.17331905663013458,0.28549227118492126,22566344,0.5827956795692444,0.24189424514770508,0.035925835371017456,0.5118279457092285
8966e960ca704aef9a1920b29a9cd6d4,,LOCAL,/Users/vanalmsick/Workspace/MasterThesis/app/e_analyses/d_XGBoost.py,vanalmsick,FINISHED,2,gbtree,0.75,0.35000000000000003,mae,0.8500000000000001,200300_201800,6,4.0,XGBoost,931.0,None,42,0,0.6000000000000001,exact,0.15035660564899445,0.2857149839401245,22609350,0.5848670601844788,0.24200883507728577,0.03597341105341911,0.5010225176811218,0.018968377262353897,0.28473466634750366,22554892,0.7819972038269043,0.24025729298591614,0.035777393728494644,0.5071730017662048,0.20142962038516998,0.2853492498397827,22581946,0.5720430016517639,0.2414613664150238,0.03588822856545448,0.5118279457092285
6753d8d1f1044109a8e8b3548f1008dd,,LOCAL,/Users/vanalmsick/Workspace/MasterThesis/app/e_analyses/d_XGBoost.py,vanalmsick,FINISHED,3,gbtree,0.75,0.225,mae,0.5,200300_201800,13,6.0,XGBoost,601.0,None,42,0,0.75,exact,0.1240142211318016,0.28530433773994446,22588828,0.6380367875099182,0.24108988046646118,0.03588717430830002,0.5010225176811218,0.010209393687546253,0.2847275733947754,22617068,0.845007061958313,0.24003437161445618,0.035762421786785126,0.5071730017662048,0.1708037555217743,0.28513240814208984,22594644,0.6129032373428345,0.24085810780525208,0.03584222495555878,0.5118279457092285
3d863b5f9644493d9ff8be710a2c953c,,LOCAL,/Users/vanalmsick/Workspace/MasterThesis/app/e_analyses/d_XGBoost.py,vanalmsick,FINISHED,1,gbtree,0.9,0.15000000000000002,mae,0.8500000000000001,200300_201800,6,6.0,XGBoost,210.0,None,42,0,0.7000000000000001,exact,0.11846496164798737,0.28546813130378723,22673090,0.6687116622924805,0.24094942212104797,0.0358908586204052,0.5010225176811218,0.02617349661886692,0.2849218547344208,22692358,0.7904360294342041,0.23999294638633728,0.035796359181404114,0.5071730017662048,0.1712215095758438,0.2853345572948456,22695954,0.5677419304847717,0.2408108413219452,0.03586498275399208,0.5118279457092285
b6017dafddfb40c0b435c3ba1497833b,,LOCAL,/Users/vanalmsick/Workspace/MasterThesis/app/e_analyses/d_XGBoost.py,vanalmsick,FINISHED,1,gbtree,0.75,0.17500000000000002,mae,0.6000000000000001,200300_201800,6,2.0,XGBoost,941.0,None,42,0,0.9500000000000001,exact,0.12102657556533813,0.285450279712677,22743340,0.6216768622398376,0.24078401923179626,0.035903576761484146,0.5010225176811218,0.018000617623329163,0.28490081429481506,22749324,0.8250351548194885,0.23980382084846497,0.0358094796538353,0.5071730017662048,0.16941650211811066,0.28529122471809387,22751612,0.5978494882583618,0.24060273170471191,0.035870298743247986,0.5118279457092285
a1ccd746b69344b4b042494f10621641,,LOCAL,/Users/vanalmsick/Workspace/MasterThesis/app/e_analyses/d_XGBoost.py,vanalmsick,FINISHED,1,gbtree,0.65,0.2,mae,0.7000000000000001,200300_201800,10,2.0,XGBoost,892.0,None,42,0,0.65,exact,0.13888922333717346,0.2855345904827118,22806626,0.6073619723320007,0.24067473411560059,0.035930488258600235,0.5010225176811218,0.01676018163561821,0.28479471802711487,22805254,0.8154711723327637,0.23946958780288696,0.03578786551952362,0.5071730017662048,0.1732548028230667,0.285232812166214,22804352,0.5913978219032288,0.24028001725673676,0.03586603328585625,0.5118279457092285
7f2dc183d3c74c2a941ddae70216fbe7,,LOCAL,/Users/vanalmsick/Workspace/MasterThesis/app/e_analyses/d_XGBoost.py,vanalmsick,FINISHED,2,gbtree,1.0,0.25,mae,0.6000000000000001,200300_201800,10,2.0,XGBoost,296.0,None,42,0,0.8,exact,0.13225851953029633,0.2854422330856323,22859660,0.6380367875099182,0.24036115407943726,0.03591174632310867,0.5010225176811218,0.01272265613079071,0.2847982347011566,22871962,0.8337552547454834,0.23912881314754486,0.03577684983611107,0.5071730017662048,0.17362931370735168,0.28522610664367676,22865406,0.5806451439857483,0.2399950623512268,0.03585079684853554,0.5118279457092285
4539881efeab41fcaf3f188d8cd562ac,,LOCAL,/Users/vanalmsick/Workspace/MasterThesis/app/e_analyses/d_XGBoost.py,vanalmsick,FINISHED,2,gbtree,0.6000000000000001,0.375,mae,0.55,200300_201800,2,3.0,XGBoost,315.0,None,42,0,0.7000000000000001,exact,0.15534546971321106,0.2855294644832611,22933774,0.5848670601844788,0.2400660216808319,0.03590719401836395,0.5010225176811218,0.03970132768154144,0.2845025956630707,22874946,0.7271448373794556,0.23834873735904694,0.035764485597610474,0.5071730017662048,0.18713943660259247,0.2851322293281555,22922058,0.5526881814002991,0.23939643800258636,0.03584739565849304,0.5118279457092285
ac5ea307f96a462d86f17c9b3a5065cd,,LOCAL,/Users/vanalmsick/Workspace/MasterThesis/app/e_analyses/d_XGBoost.py,vanalmsick,FINISHED,1,gbtree,0.65,0.45,mae,0.8,200200_201700,3,6.0,XGBoost,584.0,None,42,0,0.65,exact,0.21015892922878265,0.2848794460296631,22894360,0.550537645816803,0.23905007541179657,0.03585120663046837,0.5118279457092285,0.02840416692197323,0.2836301326751709,22751072,0.7441237568855286,0.2370714396238327,0.03564959391951561,0.5215709805488586,0.15796251595020294,0.28412947058677673,22836110,0.5870535969734192,0.23766200244426727,0.03570951148867607,0.4620535671710968
609a77a6b6a54d4cbce1aa52652a22d4,,LOCAL,/Users/vanalmsick/Workspace/MasterThesis/app/e_analyses/d_XGBoost.py,vanalmsick,FINISHED,4,gbtree,0.9500000000000001,0.375,mae,0.65,200200_201700,4,5.0,XGBoost,481.0,None,42,0,0.5,exact,0.22050820291042328,0.2841060161590576,22764026,0.5247311592102051,0.23788248002529144,0.03575030714273453,0.5118279457092285,0.016671137884259224,0.28260111808776855,22554626,0.7869681715965271,0.23569439351558685,0.035503946244716644,0.5215709805488586,0.17040999233722687,0.2831876873970032,22643702,0.5334821343421936,0.23639871180057526,0.03559461981058121,0.4620535671710968
de66023d0b134eb9812b2295f3ece4a7,,LOCAL,/Users/vanalmsick/Workspace/MasterThesis/app/e_analyses/d_XGBoost.py,vanalmsick,FINISHED,4,gbtree,0.5,0.42500000000000004,mae,0.7000000000000001,200200_201700,9,6.0,XGBoost,723.0,None,42,0,0.65,exact,0.22015482187271118,0.28325244784355164,22590946,0.5139784812927246,0.23661838471889496,0.035624828189611435,0.5118279457092285,0.014343724586069584,0.2819159924983978,22427886,0.7967866659164429,0.23450995981693268,0.03538987413048744,0.5215709805488586,0.15293382108211517,0.2824028730392456,22512292,0.5401785969734192,0.2351081222295761,0.035462066531181335,0.4620535671710968
e9a0ac5ab0bb4d19bd7df3a5f2d02855,,LOCAL,/Users/vanalmsick/Workspace/MasterThesis/app/e_analyses/d_XGBoost.py,vanalmsick,FINISHED,4,gbtree,1.0,0.5,mae,0.5,200200_201700,2,5.0,XGBoost,238.0,None,42,0,0.7000000000000001,exact,0.2091512531042099,0.28262418508529663,22468132,0.5268816947937012,0.23546284437179565,0.03551787510514259,0.5118279457092285,0.034480106085538864,0.281229168176651,22316370,0.7319250106811523,0.23346437513828278,0.03532148897647858,0.5215709805488586,0.15540073812007904,0.2817915380001068,22391466,0.546875,0.23406396806240082,0.035396113991737366,0.4620535671710968
13b8a200279441bb94a7d15d1043977a,,LOCAL,/Users/vanalmsick/Workspace/MasterThesis/app/e_analyses/d_XGBoost.py,vanalmsick,FINISHED,1,gbtree,0.9,0.47500000000000003,mae,0.75,200200_201700,4,6.0,XGBoost,477.0,None,42,0,0.7000000000000001,exact,0.20570392906665802,0.2816498875617981,22329498,0.5462365746498108,0.23423485457897186,0.03541790693998337,0.5118279457092285,0.022319654002785683,0.2802766263484955,22179438,0.7688187956809998,0.2319473773241043,0.03520258143544197,0.5215709805488586,0.16385231912136078,0.28084591031074524,22257362,0.5491071343421936,0.23272261023521423,0.03526327386498451,0.4620535671710968
9019d131e0804747926b5f26adb421b4,,LOCAL,/Users/vanalmsick/Workspace/MasterThesis/app/e_analyses/d_XGBoost.py,vanalmsick,FINISHED,3,gbtree,0.6000000000000001,0.05,mae,0.7000000000000001,200200_201700,10,3.0,XGBoost,338.0,None,42,0,0.55,exact,0.16110125184059143,0.2808680832386017,22203224,0.6000000238418579,0.23283907771110535,0.0353192575275898,0.5118279457092285,0.018038729205727577,0.2802634835243225,22262686,0.8307051658630371,0.23181584477424622,0.0352596789598465,0.5215709805488586,0.12240731716156006,0.2804780900478363,22236582,0.625,0.23202861845493317,0.035241059958934784,0.4620535671710968
25745cde3d454887b3fa6848015bea9e,,LOCAL,/Users/vanalmsick/Workspace/MasterThesis/app/e_analyses/d_XGBoost.py,vanalmsick,FINISHED,3,gbtree,0.9500000000000001,0.375,mae,0.9500000000000001,200200_201700,8,3.0,XGBoost,658.0,None,42,0,0.75,exact,0.17305263876914978,0.2809537947177887,22327596,0.5827956795692444,0.2327614575624466,0.035393714904785156,0.5118279457092285,0.01815037988126278,0.2801079750061035,22301382,0.7958940863609314,0.23137038946151733,0.03525610268115997,0.5215709805488586,0.132285013794899,0.2804239094257355,22315742,0.6049107313156128,0.23173682391643524,0.035278331488370895,0.4620535671710968
d28f4a1434da44b085846c4cc8e01d34,,LOCAL,/Users/vanalmsick/Workspace/MasterThesis/app/e_analyses/d_XGBoost.py,vanalmsick,FINISHED,3,gbtree,0.7000000000000001,0.05,mae,0.9,200200_201700,8,2.0,XGBoost,616.0,None,42,0,1.0,exact,0.1670745462179184,0.2807866036891937,22349846,0.6236559152603149,0.23232662677764893,0.03538696840405464,0.5118279457092285,0.02241012267768383,0.2801889181137085,22425960,0.8321927785873413,0.23114120960235596,0.035330064594745636,0.5215709805488586,0.1212039664387703,0.28037071228027344,22381652,0.6540178656578064,0.23137563467025757,0.035321835428476334,0.4620535671710968
a2acc4a0d16d4092a7ca2f189f72c498,,LOCAL,/Users/vanalmsick/Workspace/MasterThesis/app/e_analyses/d_XGBoost.py,vanalmsick,FINISHED,3,gbtree,0.75,0.07500000000000001,mae,0.9,200200_201700,1,5.0,XGBoost,674.0,None,42,0,0.55,exact,0.16930407285690308,0.2808515429496765,22503124,0.5569892525672913,0.23206819593906403,0.03546210005879402,0.5118279457092285,0.1049787774682045,0.2800353169441223,22532626,0.6658732295036316,0.23079441487789154,0.03537166491150856,0.5215709805488586,0.13122795522212982,0.28034478425979614,22515146,0.5870535969734192,0.23112860321998596,0.035382699221372604,0.4620535671710968
8651878bc75f48a39452d8470f5c5db4,,LOCAL,/Users/vanalmsick/Workspace/MasterThesis/app/e_analyses/d_XGBoost.py,vanalmsick,FINISHED,2,gbtree,0.75,0.225,mae,0.6000000000000001,200200_201700,10,1.0,XGBoost,131.0,None,42,0,0.8500000000000001,exact,0.17988289892673492,0.27993836998939514,22558082,0.5956989526748657,0.23076052963733673,0.035353001207113266,0.5118279457092285,0.01479580532759428,0.2791164219379425,22580598,0.8205891251564026,0.2293550968170166,0.035236433148384094,0.5215709805488586,0.12355156987905502,0.27936944365501404,22563604,0.6049107313156128,0.2296140044927597,0.03525189682841301,0.4620535671710968
48fb8ab3b4ae41a8bbff1d451f2a9ea4,,LOCAL,/Users/vanalmsick/Workspace/MasterThesis/app/e_analyses/d_XGBoost.py,vanalmsick,FINISHED,3,gbtree,0.55,0.30000000000000004,mae,0.8500000000000001,200200_201700,4,4.0,XGBoost,836.0,None,42,0,0.6000000000000001,exact,0.19697710871696472,0.2798980176448822,22647148,0.5290322303771973,0.23037952184677124,0.035382479429244995,0.5118279457092285,0.0211007222533226,0.2786010801792145,22536828,0.7697113752365112,0.22843654453754425,0.03520524129271507,0.5215709805488586,0.1414055973291397,0.2790765166282654,22587472,0.5758928656578064,0.2288932055234909,0.03523893281817436,0.4620535671710968
5d0f51f198ec49fa87be557f382de079,,LOCAL,/Users/vanalmsick/Workspace/MasterThesis/app/e_analyses/d_XGBoost.py,vanalmsick,FINISHED,2,gbtree,0.9,0.025,mae,0.9,200200_201700,7,4.0,XGBoost,807.0,None,42,0,0.9500000000000001,exact,0.16441835463047028,0.279251366853714,22574216,0.6236559152603149,0.22940652072429657,0.03533538803458214,0.5118279457092285,0.02457166649401188,0.2786327004432678,22662064,0.8149360418319702,0.22817090153694153,0.035261183977127075,0.5215709805488586,0.11945770680904388,0.2788081169128418,22607626,0.65625,0.22841352224349976,0.03525253012776375,0.4620535671710968
efbbf3340e1a45a994c2fe8f78469e7b,,LOCAL,/Users/vanalmsick/Workspace/MasterThesis/app/e_analyses/d_XGBoost.py,vanalmsick,FINISHED,2,gbtree,0.65,0.35000000000000003,mae,0.75,200200_201700,13,5.0,XGBoost,917.0,None,42,0,0.8500000000000001,exact,0.17752565443515778,0.2793004810810089,22741198,0.550537645816803,0.22911801934242249,0.03539743274450302,0.5118279457092285,0.014233062043786049,0.2782699167728424,22688876,0.8179113268852234,0.22769016027450562,0.0352739617228508,0.5215709805488586,0.1287102848291397,0.2786250114440918,22712036,0.6004464030265808,0.2279941886663437,0.03529216721653938,0.4620535671710968
e7ee1a99216e4c309e1a190b9367af31,,LOCAL,/Users/vanalmsick/Workspace/MasterThesis/app/e_analyses/d_XGBoost.py,vanalmsick,FINISHED,3,gbtree,0.75,0.15000000000000002,mae,0.65,200200_201700,7,4.0,XGBoost,272.0,None,42,0,0.7000000000000001,exact,0.1688346117734909,0.2790878713130951,22749732,0.5892472863197327,0.22876125574111938,0.03542773053050041,0.5118279457092285,0.015978343784809113,0.27823761105537415,22756388,0.8158286213874817,0.22742122411727905,0.03532301262021065,0.5215709805488586,0.12678417563438416,0.278525710105896,22752076,0.625,0.22777417302131653,0.03532117232680321,0.4620535671710968
fcf88bf23a984853af00765c3999a268,,LOCAL,/Users/vanalmsick/Workspace/MasterThesis/app/e_analyses/d_XGBoost.py,vanalmsick,FINISHED,2,gbtree,1.0,0.125,mae,0.6000000000000001,200200_201700,3,2.0,XGBoost,813.0,None,42,0,0.55,exact,0.17467845976352692,0.27904632687568665,22823632,0.5892472863197327,0.22848933935165405,0.035477615892887115,0.5118279457092285,0.02117895893752575,0.2780662178993225,22806986,0.7926212549209595,0.2269267737865448,0.035364072769880295,0.5215709805488586,0.13184191286563873,0.27843356132507324,22820574,0.609375,0.2273348569869995,0.03537482023239136,0.4620535671710968
8128f59eb3c54c15af9e7d3d3596dae3,,LOCAL,/Users/vanalmsick/Workspace/MasterThesis/app/e_analyses/d_XGBoost.py,vanalmsick,FINISHED,2,gbtree,0.8,0.17500000000000002,mae,0.9,200200_201700,5,2.0,XGBoost,553.0,None,42,0,0.6000000000000001,exact,0.18412108719348907,0.2787812054157257,22864900,0.5720430016517639,0.22795215249061584,0.03550991043448448,0.5118279457092285,0.02291848324239254,0.27771836519241333,22815976,0.7798274159431458,0.22610491514205933,0.035376742482185364,0.5215709805488586,0.1322663426399231,0.27807214856147766,22830344,0.5959821343421936,0.22656314074993134,0.03538505360484123,0.4620535671710968
a244675f63e74ba7ba76404f9a5f135d,,LOCAL,/Users/vanalmsick/Workspace/MasterThesis/app/e_analyses/d_XGBoost.py,vanalmsick,FINISHED,4,gbtree,0.75,0.1,mae,0.7000000000000001,200200_201700,7,2.0,XGBoost,143.0,None,42,0,0.9,exact,0.17214690148830414,0.278398334980011,22870506,0.6086021661758423,0.22712336480617523,0.03551943600177765,0.5118279457092285,0.019537072628736496,0.27761998772621155,22947846,0.823266863822937,0.22562816739082336,0.03542819246649742,0.5215709805488586,0.1227305456995964,0.2778603732585907,22917080,0.6450892686843872,0.22595275938510895,0.03542827442288399,0.4620535671710968
78e96ef04db3493b97ea1312bf1c8ca5,,LOCAL,/Users/vanalmsick/Workspace/MasterThesis/app/e_analyses/d_XGBoost.py,vanalmsick,FINISHED,3,gbtree,0.8,0.25,mae,0.55,200200_201700,11,4.0,XGBoost,821.0,None,42,0,0.6000000000000001,exact,0.18734529614448547,0.2784070074558258,23033252,0.5720430016517639,0.2267003059387207,0.035585884004831314,0.5118279457092285,0.011225583963096142,0.2771260738372803,22977832,0.8265396952629089,0.2247677892446518,0.03541207313537598,0.5215709805488586,0.13872233033180237,0.2776174545288086,23007252,0.5825892686843872,0.2253107726573944,0.035453613847494125,0.4620535671710968
ade03ba6a99c4a458de98c845ce313d3,,LOCAL,/Users/vanalmsick/Workspace/MasterThesis/app/e_analyses/d_XGBoost.py,vanalmsick,FINISHED,1,gbtree,0.55,0.1,mae,0.8,200200_201700,1,4.0,XGBoost,370.0,None,42,0,0.6000000000000001,exact,0.16388089954853058,0.27808400988578796,23047792,0.5720430016517639,0.2259509414434433,0.03558509796857834,0.5118279457092285,0.11160606890916824,0.2772500514984131,23116034,0.6634930372238159,0.22455361485481262,0.0354967899620533,0.5215709805488586,0.12476246803998947,0.27753204107284546,23084268,0.609375,0.22489778697490692,0.03549760580062866,0.4620535671710968
34611033b3e442b5bc67fd0bab46349e,,LOCAL,/Users/vanalmsick/Workspace/MasterThesis/app/e_analyses/d_XGBoost.py,vanalmsick,FINISHED,2,gbtree,0.55,0.30000000000000004,mae,0.9500000000000001,200200_201700,5,4.0,XGBoost,117.0,None,42,0,0.6000000000000001,exact,0.1964837908744812,0.2770863175392151,23156100,0.5483871102333069,0.22434963285923004,0.03545374423265457,0.5118279457092285,0.03001594729721546,0.2756088674068451,23064274,0.7587027549743652,0.22210489213466644,0.03523113951086998,0.5215709805488586,0.14383672177791595,0.27617180347442627,23100198,0.5535714030265808,0.2227453589439392,0.03529072552919388,0.4620535671710968
06c6209862684cb986f2c739ed5ae4cc,,LOCAL,/Users/vanalmsick/Workspace/MasterThesis/app/e_analyses/d_XGBoost.py,vanalmsick,FINISHED,4,gbtree,0.7000000000000001,0.275,mae,0.6000000000000001,200200_201700,13,2.0,XGBoost,122.0,None,42,0,0.8,exact,0.17658935487270355,0.2762109637260437,23104978,0.5784946084022522,0.2230866402387619,0.03536617383360863,0.5118279457092285,0.013467499054968357,0.2750822901725769,23085414,0.8241595029830933,0.22134612500667572,0.035220589488744736,0.5215709805488586,0.12800221145153046,0.27545708417892456,23101888,0.5982142686843872,0.22176149487495422,0.035237476229667664,0.4620535671710968
d456b19d05854cee8bbd118818d62f78,,LOCAL,/Users/vanalmsick/Workspace/MasterThesis/app/e_analyses/d_XGBoost.py,vanalmsick,FINISHED,4,gbtree,0.7000000000000001,0.07500000000000001,mae,0.55,200200_201700,6,1.0,XGBoost,420.0,None,42,0,0.55,exact,0.1717398315668106,0.2760257422924042,23165982,0.5698924660682678,0.22254619002342224,0.035398516803979874,0.5118279457092285,0.015635116025805473,0.2749798595905304,23237534,0.8315977454185486,0.22086341679096222,0.035288579761981964,0.5215709805488586,0.12716816365718842,0.275349497795105,23219708,0.5959821343421936,0.22128355503082275,0.03528665751218796,0.4620535671710968
866257fcd9b847ac8952260d3e8446d9,,LOCAL,/Users/vanalmsick/Workspace/MasterThesis/app/e_analyses/d_XGBoost.py,vanalmsick,FINISHED,3,gbtree,0.8500000000000001,0.42500000000000004,mae,0.8,200200_201700,12,6.0,XGBoost,528.0,None,42,0,0.5,exact,0.2081628292798996,0.2758879065513611,23322884,0.5333333611488342,0.2220558375120163,0.03546690568327904,0.5118279457092285,0.01770985871553421,0.273756742477417,23047282,0.777744710445404,0.21906396746635437,0.035170778632164,0.5215709805488586,0.16697610914707184,0.2746119499206543,23166558,0.5223214030265808,0.2201520949602127,0.035287585109472275,0.4620535671710968
c7bb8d5168614319ab8d9ab96f75a300,,LOCAL,/Users/vanalmsick/Workspace/MasterThesis/app/e_analyses/d_XGBoost.py,vanalmsick,FINISHED,4,gbtree,0.55,0.35000000000000003,mae,0.75,200200_201700,4,5.0,XGBoost,430.0,None,42,0,0.6000000000000001,exact,0.2006400227546692,0.27457529306411743,23083716,0.5376344323158264,0.22024117410182953,0.03533174842596054,0.5118279457092285,0.019622821360826492,0.27278777956962585,22879200,0.777744710445404,0.21748434007167816,0.03511892259120941,0.5215709805488586,0.1493196189403534,0.2735021412372589,22985334,0.5580357313156128,0.2182493358850479,0.0351514033973217,0.4620535671710968
6c1f56e51694489f9cdf606795a32478,,LOCAL,/Users/vanalmsick/Workspace/MasterThesis/app/e_analyses/d_XGBoost.py,vanalmsick,FINISHED,2,gbtree,0.9500000000000001,0.45,mae,0.5,200200_201700,7,6.0,XGBoost,592.0,None,42,0,0.6000000000000001,exact,0.22353555262088776,0.27359938621520996,22931748,0.4903225898742676,0.21864929795265198,0.03528410941362381,0.5118279457092285,0.01231689564883709,0.2713894248008728,22684704,0.8060101270675659,0.21533846855163574,0.034921832382678986,0.5215709805488586,0.15958981215953827,0.27223578095436096,22804496,0.5625,0.21630147099494934,0.035003505647182465,0.4620535671710968
c816e1b52cd74dfca8b2a26f29696c99,,LOCAL,/Users/vanalmsick/Workspace/MasterThesis/app/e_analyses/d_XGBoost.py,vanalmsick,FINISHED,3,gbtree,0.7000000000000001,0.2,mae,0.5,200100_201600,7,4.0,XGBoost,469.0,None,42,0,0.8500000000000001,exact,0.1253996640443802,0.27239254117012024,22742000,0.6183035969734192,0.21660982072353363,0.035109248012304306,0.4620535671710968,0.011396852321922779,0.27178752422332764,22745078,0.8494318127632141,0.21588927507400513,0.035061389207839966,0.526830792427063,0.10755244642496109,0.27197909355163574,22746000,0.6060606241226196,0.2161720097064972,0.03509604558348656,0.5244755148887634
4d3e41a3b7fe4be1956f42fc8f787810,,LOCAL,/Users/vanalmsick/Workspace/MasterThesis/app/e_analyses/d_XGBoost.py,vanalmsick,FINISHED,3,gbtree,0.8500000000000001,0.025,mae,0.65,200100_201600,6,4.0,XGBoost,708.0,None,42,0,0.55,exact,0.119833804666996,0.27287551760673523,22838430,0.6205357313156128,0.21720285713672638,0.03526376187801361,0.4620535671710968,0.020215818658471107,0.27251243591308594,22900848,0.8200757503509521,0.21661502122879028,0.03526924178004265,0.526830792427063,0.10045668482780457,0.27255406975746155,22874324,0.6130536198616028,0.21680593490600586,0.03528448939323425,0.5244755148887634
d993498747e24bffa38b9770682f70d4,,LOCAL,/Users/vanalmsick/Workspace/MasterThesis/app/e_analyses/d_XGBoost.py,vanalmsick,FINISHED,3,gbtree,0.75,0.15000000000000002,mae,0.65,200100_201600,9,6.0,XGBoost,668.0,None,42,0,0.5,exact,0.12789390981197357,0.27339649200439453,22990170,0.578125,0.21783851087093353,0.03545738756656647,0.4620535671710968,0.014765631407499313,0.2726694345474243,22936984,0.8238636255264282,0.21701790392398834,0.03538863733410835,0.526830792427063,0.11070958524942398,0.2728997468948364,22958090,0.5804196000099182,0.21736325323581696,0.0354413278400898,0.5244755148887634
2c7156fa53c64e138393bfbc5cf678c8,,LOCAL,/Users/vanalmsick/Workspace/MasterThesis/app/e_analyses/d_XGBoost.py,vanalmsick,FINISHED,3,gbtree,0.8,0.05,mae,0.5,200100_201600,5,6.0,XGBoost,417.0,None,42,0,1.0,exact,0.1186150535941124,0.27368706464767456,23012264,0.6316964030265808,0.21834759414196014,0.035588812083005905,0.4620535671710968,0.025677213445305824,0.27327993512153625,23074782,0.8200757503509521,0.2177472561597824,0.03559542074799538,0.526830792427063,0.10315006971359253,0.27335384488105774,23044938,0.6060606241226196,0.21798232197761536,0.035612933337688446,0.5244755148887634
19d8295f8144453ab48fd1bb4a4536a6,,LOCAL,/Users/vanalmsick/Workspace/MasterThesis/app/e_analyses/d_XGBoost.py,vanalmsick,FINISHED,3,gbtree,0.8,0.375,mae,0.65,200100_201600,1,6.0,XGBoost,670.0,None,42,0,0.5,exact,0.15094974637031555,0.2741406261920929,23173654,0.5357142686843872,0.21895235776901245,0.03578510880470276,0.4620535671710968,0.07666463404893875,0.2726880609989166,22860964,0.6846590638160706,0.21736450493335724,0.03558929264545441,0.526830792427063,0.12654130160808563,0.2732555866241455,22989212,0.5874125957489014,0.21807458996772766,0.03571053594350815,0.5244755148887634
70bc2cf0c24a479cabc7d1e642c7d79e,,LOCAL,/Users/vanalmsick/Workspace/MasterThesis/app/e_analyses/d_XGBoost.py,vanalmsick,FINISHED,2,gbtree,0.9500000000000001,0.325,mae,0.75,200100_201600,4,3.0,XGBoost,796.0,None,42,0,0.9,exact,0.1448356658220291,0.2726552188396454,22833630,0.5669642686843872,0.2177937924861908,0.03564346954226494,0.4620535671710968,0.021572260186076164,0.27179813385009766,22817182,0.7913510203361511,0.21661335229873657,0.0355670191347599,0.526830792427063,0.10364378988742828,0.2719651758670807,22815402,0.5780885815620422,0.2168661504983902,0.035597965121269226,0.5244755148887634
fec6710f2e2041d8b2f8c9b78ec63a60,,LOCAL,/Users/vanalmsick/Workspace/MasterThesis/app/e_analyses/d_XGBoost.py,vanalmsick,FINISHED,1,gbtree,0.9,0.325,mae,0.9,200100_201600,6,5.0,XGBoost,118.0,None,42,0,0.75,exact,0.13198339939117432,0.2727113664150238,22886148,0.5758928656578064,0.21792751550674438,0.035764649510383606,0.4620535671710968,0.026237906888127327,0.2717374563217163,22734928,0.7904040217399597,0.21691150963306427,0.03569704294204712,0.526830792427063,0.1155361533164978,0.27208372950553894,22802654,0.5827505588531494,0.21735866367816925,0.035755280405282974,0.5244755148887634
5c261b21e3fb462a8621cd5c88da0f98,,LOCAL,/Users/vanalmsick/Workspace/MasterThesis/app/e_analyses/d_XGBoost.py,vanalmsick,FINISHED,2,gbtree,0.7000000000000001,0.225,mae,0.8,200100_201600,12,1.0,XGBoost,236.0,None,42,0,0.7000000000000001,exact,0.12146691977977753,0.27255767583847046,22795610,0.6183035969734192,0.2181858867406845,0.03588464856147766,0.4620535671710968,0.01757468655705452,0.27196750044822693,22770772,0.809974730014801,0.21748042106628418,0.035822413861751556,0.526830792427063,0.10320841521024704,0.27209529280662537,22762580,0.631701648235321,0.2177361696958542,0.03586767241358757,0.5244755148887634
534c9afd11214a0380a96a9036165691,,LOCAL,/Users/vanalmsick/Workspace/MasterThesis/app/e_analyses/d_XGBoost.py,vanalmsick,FINISHED,1,gbtree,0.8500000000000001,0.07500000000000001,mae,0.75,200100_201600,8,2.0,XGBoost,576.0,None,42,0,0.65,exact,0.12030956894159317,0.2730202078819275,22861036,0.640625,0.2189275026321411,0.036043472588062286,0.4620535671710968,0.02060895413160324,0.27257877588272095,22904594,0.8166035413742065,0.21835625171661377,0.03605832904577255,0.526830792427063,0.09751610457897186,0.2725776433944702,22863902,0.6480186581611633,0.21851591765880585,0.03608177974820137,0.5244755148887634
2b545d3655e447a1a377d6c9d9c2c875,,LOCAL,/Users/vanalmsick/Workspace/MasterThesis/app/e_analyses/d_XGBoost.py,vanalmsick,FINISHED,1,gbtree,0.6000000000000001,0.4,mae,0.9,200100_201600,12,5.0,XGBoost,556.0,None,42,0,0.9500000000000001,exact,0.14053624868392944,0.2736038863658905,23004716,0.5446428656578064,0.21979638934135437,0.03628070652484894,0.4620535671710968,0.019406460225582123,0.2723757028579712,22946032,0.7995581030845642,0.2179838865995407,0.03612706810235977,0.526830792427063,0.12997186183929443,0.27284079790115356,22933108,0.5897436141967773,0.21885503828525543,0.03623730316758156,0.5244755148887634
65e63bcf800642af800b25cd1aa0c644,,LOCAL,/Users/vanalmsick/Workspace/MasterThesis/app/e_analyses/d_XGBoost.py,vanalmsick,FINISHED,2,gbtree,0.55,0.30000000000000004,mae,0.7000000000000001,200100_201600,2,3.0,XGBoost,123.0,None,42,0,0.65,exact,0.13379326462745667,0.27342694997787476,23031042,0.6294642686843872,0.21947698295116425,0.03635452687740326,0.4620535671710968,0.07762094587087631,0.27255889773368835,23001170,0.6931818127632141,0.21845905482769012,0.03630328178405762,0.526830792427063,0.10570621490478516,0.2727995812892914,23024130,0.5897436141967773,0.2187613993883133,0.036341823637485504,0.5244755148887634
cbe6a78f17b14441a33d42fe6b258331,,LOCAL,/Users/vanalmsick/Workspace/MasterThesis/app/e_analyses/d_XGBoost.py,vanalmsick,FINISHED,4,gbtree,0.55,0.17500000000000002,mae,0.9500000000000001,200100_201600,2,5.0,XGBoost,316.0,None,42,0,0.8,exact,0.1275518387556076,0.2725973129272461,23010650,0.5915178656578064,0.21892975270748138,0.036367423832416534,0.4620535671710968,0.05727985501289368,0.27163100242614746,22974056,0.7320075631141663,0.21782320737838745,0.03630809485912323,0.526830792427063,0.11403395235538483,0.2719922959804535,22986470,0.5804196000099182,0.21835285425186157,0.036374326795339584,0.5244755148887634
415d020664cf48f1972e8f674156b304,,LOCAL,/Users/vanalmsick/Workspace/MasterThesis/app/e_analyses/d_XGBoost.py,vanalmsick,FINISHED,1,gbtree,1.0,0.325,mae,0.55,200100_201600,6,3.0,XGBoost,484.0,None,42,0,0.75,exact,0.1396295428276062,0.2720038890838623,23017258,0.6160714030265808,0.21869824826717377,0.036441389471292496,0.4620535671710968,0.015712296590209007,0.2708214819431305,22922720,0.806186854839325,0.21726949512958527,0.036358680576086044,0.526830792427063,0.11407659947872162,0.27122122049331665,22935070,0.5967366099357605,0.2177838236093521,0.03640560060739517,0.5244755148887634
0d9c35347674489480ddfa376783e051,,LOCAL,/Users/vanalmsick/Workspace/MasterThesis/app/e_analyses/d_XGBoost.py,vanalmsick,FINISHED,4,gbtree,0.5,0.275,mae,0.55,200100_201600,7,2.0,XGBoost,808.0,None,42,0,0.9,exact,0.12871216237545013,0.2720571756362915,23008884,0.6116071343421936,0.2189437597990036,0.03661695122718811,0.4620535671710968,0.012180025689303875,0.27110806107521057,23004134,0.8298611044883728,0.21785932779312134,0.03658782318234444,0.526830792427063,0.110463447868824,0.27142372727394104,23014798,0.5710955858230591,0.21824318170547485,0.03662067651748657,0.5244755148887634
c93d6ceceef640a6aed4192a8feb1624,,LOCAL,/Users/vanalmsick/Workspace/MasterThesis/app/e_analyses/d_XGBoost.py,vanalmsick,FINISHED,1,gbtree,0.55,0.5,mae,0.6000000000000001,200100_201600,7,5.0,XGBoost,349.0,None,42,0,0.8,exact,0.15848049521446228,0.2725358307361603,23125624,0.578125,0.2196509689092636,0.03687203302979469,0.4620535671710968,0.016412464901804924,0.27081218361854553,22938768,0.7982954382896423,0.21755245327949524,0.03662961721420288,0.526830792427063,0.12599806487560272,0.2714542746543884,23001050,0.6200466156005859,0.21826845407485962,0.036745790392160416,0.5244755148887634
871bc3a5a622497792c84ee6a5f1b56e,,LOCAL,/Users/vanalmsick/Workspace/MasterThesis/app/e_analyses/d_XGBoost.py,vanalmsick,FINISHED,4,gbtree,0.9500000000000001,0.125,mae,0.9500000000000001,200100_201600,13,4.0,XGBoost,286.0,None,42,0,0.8,exact,0.11996446549892426,0.2720939815044403,23028812,0.6473214030265808,0.21931175887584686,0.036898937076330185,0.4620535671710968,0.01795896142721176,0.2714075744152069,23070822,0.8226010203361511,0.21833328902721405,0.036890167742967606,0.526830792427063,0.11033855378627777,0.27161839604377747,23053720,0.6200466156005859,0.21879512071609497,0.03693024814128876,0.5244755148887634
5b448bd5b48245b09ca239399347e49b,,LOCAL,/Users/vanalmsick/Workspace/MasterThesis/app/e_analyses/d_XGBoost.py,vanalmsick,FINISHED,2,gbtree,0.75,0.225,mae,0.7000000000000001,200100_201600,11,3.0,XGBoost,967.0,None,42,0,0.55,exact,0.14306771755218506,0.27271199226379395,23207200,0.6160714030265808,0.22012168169021606,0.03717730566859245,0.4620535671710968,0.015040519647300243,0.27144116163253784,23213880,0.8191288113594055,0.2182980477809906,0.037048302590847015,0.526830792427063,0.11282244324684143,0.27187857031822205,23199542,0.5827505588531494,0.21882033348083496,0.03710561618208885,0.5244755148887634
eb836dda6e044dcea71a6bdf4fa4a911,,LOCAL,/Users/vanalmsick/Workspace/MasterThesis/app/e_analyses/d_XGBoost.py,vanalmsick,FINISHED,4,gbtree,0.55,0.42500000000000004,mae,0.7000000000000001,200100_201600,12,5.0,XGBoost,245.0,None,42,0,0.8,exact,0.1468595713376999,0.27286678552627563,23330712,0.578125,0.22019924223423004,0.037349194288253784,0.4620535671710968,0.013870341703295708,0.27121371030807495,23214038,0.8229166865348816,0.2182551771402359,0.037148986011743546,0.526830792427063,0.12198566645383835,0.27181342244148254,23273230,0.6013985872268677,0.21900798380374908,0.037216104567050934,0.5244755148887634
5c0485e76ca04332a21c95aa33a22904,,LOCAL,/Users/vanalmsick/Workspace/MasterThesis/app/e_analyses/d_XGBoost.py,vanalmsick,FINISHED,3,gbtree,0.9,0.275,mae,0.8500000000000001,200100_201600,2,4.0,XGBoost,898.0,None,42,0,0.6000000000000001,exact,0.15396836400032043,0.272728830575943,23317976,0.5669642686843872,0.22023969888687134,0.03746158257126808,0.4620535671710968,0.02807145193219185,0.27074888348579407,23115628,0.7689393758773804,0.21781949698925018,0.03727538511157036,0.526830792427063,0.12673410773277283,0.27151837944984436,23229392,0.5547785758972168,0.21885046362876892,0.03739912062883377,0.5244755148887634
44418f2f17c94952b30f9753b4256ecd,,LOCAL,/Users/vanalmsick/Workspace/MasterThesis/app/e_analyses/d_XGBoost.py,vanalmsick,FINISHED,2,gbtree,0.8500000000000001,0.07500000000000001,mae,0.65,200100_201600,6,4.0,XGBoost,141.0,None,42,0,0.5,exact,0.12206064164638519,0.27178871631622314,23180192,0.625,0.2195577174425125,0.037544261664152145,0.4620535671710968,0.030730122700333595,0.27099817991256714,23245788,0.7803030014038086,0.2185148298740387,0.03757207840681076,0.526830792427063,0.10326182097196579,0.27115246653556824,23213320,0.6270396113395691,0.21890906989574432,0.03757988288998604,0.5244755148887634
218cfadb4b6144c7a93486e8a7e3862b,,LOCAL,/Users/vanalmsick/Workspace/MasterThesis/app/e_analyses/d_XGBoost.py,vanalmsick,FINISHED,2,gbtree,0.8,0.1,mae,0.9500000000000001,200100_201600,11,3.0,XGBoost,153.0,None,42,0,0.65,exact,0.1250046193599701,0.27206894755363464,23360414,0.609375,0.22025886178016663,0.03785824403166771,0.4620535671710968,0.023627541959285736,0.2713754177093506,23493946,0.8112373948097229,0.21933616697788239,0.03791414573788643,0.526830792427063,0.09726883471012115,0.27142447233200073,23416074,0.6153846383094788,0.219499409198761,0.0379071980714798,0.5244755148887634
a001e5df7bb54e1cb14ebddae1ab77b9,,LOCAL,/Users/vanalmsick/Workspace/MasterThesis/app/e_analyses/d_XGBoost.py,vanalmsick,FINISHED,1,gbtree,0.65,0.5,mae,0.8500000000000001,200100_201600,7,4.0,XGBoost,762.0,None,42,0,0.8,exact,0.1380005031824112,0.2727094888687134,23646854,0.5848214030265808,0.22131404280662537,0.03823748975992203,0.4620535671710968,0.01991909369826317,0.27092474699020386,23334610,0.7818813323974609,0.2194036990404129,0.038130275905132294,0.526830792427063,0.11699707061052322,0.27154865860939026,23472030,0.5990676283836365,0.22014176845550537,0.038183391094207764,0.5244755148887634
faeaa73f9e0545849ff89e80b459abc4,,LOCAL,/Users/vanalmsick/Workspace/MasterThesis/app/e_analyses/d_XGBoost.py,vanalmsick,FINISHED,1,gbtree,0.55,0.42500000000000004,mae,0.6000000000000001,200100_201600,10,5.0,XGBoost,856.0,None,42,0,0.9500000000000001,exact,0.13090835511684418,0.2723514139652252,23425070,0.609375,0.2215413749217987,0.03846355155110359,0.4620535671710968,0.013981703668832779,0.2707937955856323,23155616,0.8311237096786499,0.21970130503177643,0.038346804678440094,0.526830792427063,0.1202344298362732,0.2714272439479828,23260550,0.6013985872268677,0.2205873280763626,0.038466569036245346,0.5244755148887634
bc2f73ca5e654c6980543cf4e061ba87,,LOCAL,/Users/vanalmsick/Workspace/MasterThesis/app/e_analyses/d_XGBoost.py,vanalmsick,FINISHED,2,gbtree,0.65,0.275,mae,0.9,200100_201600,3,5.0,XGBoost,566.0,None,42,0,0.9,exact,0.141281396150589,0.27260518074035645,23296524,0.6004464030265808,0.2220684289932251,0.03873748704791069,0.4620535671710968,0.030674384906888008,0.27087071537971497,23090078,0.7702020406723022,0.2196800857782364,0.03858925774693489,0.526830792427063,0.1171385869383812,0.2714906632900238,23208184,0.5920745730400085,0.22069072723388672,0.03869467228651047,0.5244755148887634
474da071eb304f9889f1fe018680d0d9,,LOCAL,/Users/vanalmsick/Workspace/MasterThesis/app/e_analyses/d_XGBoost.py,vanalmsick,FINISHED,3,gbtree,0.55,0.325,mae,0.65,200100_201600,7,5.0,XGBoost,675.0,None,42,0,0.9500000000000001,exact,0.13588771224021912,0.2721078097820282,23190858,0.59375,0.22170719504356384,0.03892643749713898,0.4620535671710968,0.013951912522315979,0.2705642580986023,23129818,0.8244949579238892,0.21971331536769867,0.03884687274694443,0.526830792427063,0.1175929605960846,0.27108854055404663,23111138,0.5897436141967773,0.2204960137605667,0.038952555507421494,0.5244755148887634
4afa1ffc412147afb2bf250b722ae090,,LOCAL,/Users/vanalmsick/Workspace/MasterThesis/app/e_analyses/d_XGBoost.py,vanalmsick,FINISHED,3,gbtree,0.7000000000000001,0.375,mae,0.7000000000000001,200000_201500,13,3.0,XGBoost,1000.0,None,42,0,0.7000000000000001,exact,0.128993958234787,0.2725074291229248,23292444,0.5780885815620422,0.22227075695991516,0.03927759826183319,0.5244755148887634,0.013901259750127792,0.27069807052612305,23106318,0.8032182455062866,0.21969850361347198,0.038859207183122635,0.5246396064758301,0.13089707493782043,0.27162405848503113,23189820,0.5939849615097046,0.2209538370370865,0.039178408682346344,0.548872172832489
42935baad7ce439794c4d46c3f2c9752,,LOCAL,/Users/vanalmsick/Workspace/MasterThesis/app/e_analyses/d_XGBoost.py,vanalmsick,FINISHED,2,gbtree,0.7000000000000001,0.2,mae,0.55,200000_201500,9,2.0,XGBoost,674.0,None,42,0,0.55,exact,0.1024295762181282,0.2726840078830719,23245448,0.6083915829658508,0.22236371040344238,0.03930062800645828,0.5244755148887634,0.013187685050070286,0.27150973677635193,23233354,0.8216560482978821,0.2205495983362198,0.03904424235224724,0.5246396064758301,0.133358895778656,0.27239006757736206,23259688,0.591478705406189,0.2220684289932251,0.03932501748204231,0.548872172832489
78bb7d345d84485b8ef66ccfe0a38b20,,LOCAL,/Users/vanalmsick/Workspace/MasterThesis/app/e_analyses/d_XGBoost.py,vanalmsick,FINISHED,2,gbtree,0.8500000000000001,0.4,mae,0.65,200000_201500,6,1.0,XGBoost,323.0,None,42,0,0.7000000000000001,exact,0.11676322668790817,0.27366167306900024,23400970,0.5804196000099182,0.2233637124300003,0.03951496630907059,0.5244755148887634,0.016118284314870834,0.27136895060539246,23156756,0.8129400014877319,0.21981191635131836,0.03893892839550972,0.5246396064758301,0.15706390142440796,0.27294957637786865,23351720,0.5764411091804504,0.22243386507034302,0.039430171251297,0.548872172832489
a43bccb10263471d966e4ccae43b4231,,LOCAL,/Users/vanalmsick/Workspace/MasterThesis/app/e_analyses/d_XGBoost.py,vanalmsick,FINISHED,2,gbtree,0.9500000000000001,0.2,mae,0.6000000000000001,200000_201500,13,2.0,XGBoost,984.0,None,42,0,0.65,exact,0.10894996672868729,0.2734251320362091,23307018,0.6060606241226196,0.22265397012233734,0.03940378874540329,0.5244755148887634,0.012513704597949982,0.27214449644088745,23380226,0.8263493180274963,0.2204340547323227,0.03904302045702934,0.5246396064758301,0.1288028061389923,0.2729683220386505,23396120,0.61654132604599,0.22203658521175385,0.03932606801390648,0.548872172832489
9810616ca9e34a7a9be8fc60a3327d2b,,LOCAL,/Users/vanalmsick/Workspace/MasterThesis/app/e_analyses/d_XGBoost.py,vanalmsick,FINISHED,2,gbtree,0.8500000000000001,0.4,mae,0.7000000000000001,200000_201500,13,1.0,XGBoost,668.0,None,42,0,0.65,exact,0.1296713501214981,0.27454841136932373,23580726,0.5664335489273071,0.22353574633598328,0.039565905928611755,0.5244755148887634,0.015306905843317509,0.2719215452671051,23247828,0.8092524409294128,0.22024692595005035,0.03894415870308876,0.5246396064758301,0.1446661353111267,0.2733761966228485,23480130,0.5964912176132202,0.22213168442249298,0.039331912994384766,0.548872172832489
b38023f58f624996901ff781e58153e5,,LOCAL,/Users/vanalmsick/Workspace/MasterThesis/app/e_analyses/d_XGBoost.py,vanalmsick,FINISHED,3,gbtree,0.6000000000000001,0.15000000000000002,mae,0.6000000000000001,200000_201500,3,5.0,XGBoost,525.0,None,42,0,0.8500000000000001,exact,0.10472648590803146,0.27422720193862915,23408124,0.5944055914878845,0.22340747714042664,0.03946218267083168,0.5244755148887634,0.02334955334663391,0.272826611995697,23291150,0.8059000968933105,0.2212849259376526,0.03911343216896057,0.5246396064758301,0.13118921220302582,0.2738775908946991,23372658,0.5889724493026733,0.22295279800891876,0.03945688530802727,0.548872172832489
74d1bc5a883f42ccbf0c98f1b5ce5cc9,,LOCAL,/Users/vanalmsick/Workspace/MasterThesis/app/e_analyses/d_XGBoost.py,vanalmsick,FINISHED,3,gbtree,0.75,0.325,mae,0.9500000000000001,200000_201500,4,5.0,XGBoost,963.0,None,42,0,0.6000000000000001,exact,0.14127840101718903,0.27492836117744446,23479058,0.5850815773010254,0.22434762120246887,0.03963632509112358,0.5244755148887634,0.023229243233799934,0.2717168629169464,23037144,0.7740529775619507,0.21907679736614227,0.038855358958244324,0.5246396064758301,0.15106935799121857,0.27346721291542053,23315700,0.591478705406189,0.2220771759748459,0.039348848164081573,0.548872172832489
42fb46fd36f64ab99cff7c977139ede8,,LOCAL,/Users/vanalmsick/Workspace/MasterThesis/app/e_analyses/d_XGBoost.py,vanalmsick,FINISHED,4,gbtree,0.6000000000000001,0.5,mae,1.0,200000_201500,5,4.0,XGBoost,485.0,None,42,0,0.8,exact,0.1359887421131134,0.2737511396408081,23148562,0.5477855205535889,0.22227343916893005,0.03937575966119766,0.5244755148887634,0.02325887233018875,0.2698582410812378,22634460,0.7800871729850769,0.21674880385398865,0.03857731819152832,0.5246396064758301,0.15951167047023773,0.2720884680747986,22907248,0.5413534045219421,0.22019287943840027,0.039106156677007675,0.548872172832489
cc175bbb384247e1aa7a2a61110f9476,,LOCAL,/Users/vanalmsick/Workspace/MasterThesis/app/e_analyses/d_XGBoost.py,vanalmsick,FINISHED,3,gbtree,0.55,0.05,mae,0.5,200000_201500,4,3.0,XGBoost,880.0,None,42,0,0.8,exact,0.10095171630382538,0.2719869315624237,22747464,0.6107226014137268,0.22008667886257172,0.03911755606532097,0.5244755148887634,0.018114842474460602,0.2710026502609253,22817282,0.8283607363700867,0.2182914763689041,0.03880630433559418,0.5246396064758301,0.1178072988986969,0.27173876762390137,22838420,0.6265664100646973,0.21959041059017181,0.039124488830566406,0.548872172832489
edc6483605ae4b569b8ab1bfb95104c0,,LOCAL,/Users/vanalmsick/Workspace/MasterThesis/app/e_analyses/d_XGBoost.py,vanalmsick,FINISHED,4,gbtree,0.75,0.15000000000000002,mae,0.9,200000_201500,2,3.0,XGBoost,807.0,None,42,0,0.9500000000000001,exact,0.1115020290017128,0.2737874388694763,23074294,0.5850815773010254,0.2220844179391861,0.039462704211473465,0.5244755148887634,0.05260384455323219,0.2718993127346039,22937520,0.7505866289138794,0.21919074654579163,0.038942743092775345,0.5246396064758301,0.12738898396492004,0.2731080949306488,23111830,0.6090225577354431,0.2211035043001175,0.039385274052619934,0.548872172832489
6e283172b41a4bf8a57cc23e66b12fad,,LOCAL,/Users/vanalmsick/Workspace/MasterThesis/app/e_analyses/d_XGBoost.py,vanalmsick,FINISHED,4,gbtree,0.6000000000000001,0.5,mae,1.0,200000_201500,12,3.0,XGBoost,161.0,None,42,0,1.0,exact,0.12794649600982666,0.27307799458503723,23100310,0.5967366099357605,0.2216648906469345,0.039373867213726044,0.5244755148887634,0.019955728203058243,0.2694927453994751,22478452,0.7968488335609436,0.21742857992649078,0.038439102470874786,0.5246396064758301,0.14037145674228668,0.27153223752975464,22840628,0.5538846850395203,0.21990691125392914,0.03908716142177582,0.548872172832489
bec688603cf341ffa87f70abd5cb538a,,LOCAL,/Users/vanalmsick/Workspace/MasterThesis/app/e_analyses/d_XGBoost.py,vanalmsick,FINISHED,1,gbtree,0.75,0.25,mae,0.8,200000_201500,8,2.0,XGBoost,667.0,None,42,0,0.8,exact,0.10268309712409973,0.27236172556877136,22722230,0.6223776340484619,0.22165518999099731,0.03913288563489914,0.5244755148887634,0.01974724978208542,0.27078482508659363,22692708,0.8079115152359009,0.2189064770936966,0.038811977952718735,0.5246396064758301,0.12697210907936096,0.27196004986763,22740894,0.5839598774909973,0.22103571891784668,0.039221130311489105,0.548872172832489
cb8362e43fa2405891a1f99a21ab3a53,,LOCAL,/Users/vanalmsick/Workspace/MasterThesis/app/e_analyses/d_XGBoost.py,vanalmsick,FINISHED,1,gbtree,0.75,0.30000000000000004,mae,0.75,200000_201500,2,5.0,XGBoost,180.0,None,42,0,0.9500000000000001,exact,0.10862105339765549,0.2739607095718384,22961918,0.6060606241226196,0.22350677847862244,0.0395766980946064,0.5244755148887634,0.07528224587440491,0.27148905396461487,22746756,0.7190747857093811,0.21983365714550018,0.03892263025045395,0.5246396064758301,0.12985801696777344,0.2731750011444092,22828296,0.5563910007476807,0.2222859263420105,0.03946525976061821,0.548872172832489
638af702a1074778928a326b72a8ed50,,LOCAL,/Users/vanalmsick/Workspace/MasterThesis/app/e_analyses/d_XGBoost.py,vanalmsick,FINISHED,2,gbtree,0.6000000000000001,0.325,mae,0.9500000000000001,200000_201500,10,4.0,XGBoost,804.0,None,42,0,0.65,exact,0.12175461649894714,0.2717783749103546,22822684,0.5827505588531494,0.2214842587709427,0.03921950235962868,0.5244755148887634,0.01998242177069187,0.26795610785484314,22074504,0.7871270775794983,0.21664762496948242,0.03837631642818451,0.5246396064758301,0.1312495917081833,0.27004581689834595,22555762,0.6190476417541504,0.21929623186588287,0.03895679488778114,0.548872172832489
02ef351ac043440eab6f449e5ea24ffd,,LOCAL,/Users/vanalmsick/Workspace/MasterThesis/app/e_analyses/d_XGBoost.py,vanalmsick,FINISHED,4,gbtree,1.0,0.05,mae,0.8,200000_201500,8,4.0,XGBoost,492.0,None,42,0,0.75,exact,0.09779917448759079,0.271518349647522,22312670,0.6363636255264282,0.22200165688991547,0.03924799710512161,0.5244755148887634,0.018282556906342506,0.2703087627887726,22553940,0.8404291272163391,0.219729945063591,0.03885701671242714,0.5246396064758301,0.11793383955955505,0.2713765799999237,22535164,0.621553897857666,0.22167645394802094,0.03929999843239784,0.548872172832489
bd6c26ad8718452db7d3877874aade9a,,LOCAL,/Users/vanalmsick/Workspace/MasterThesis/app/e_analyses/d_XGBoost.py,vanalmsick,FINISHED,3,gbtree,0.55,0.25,mae,0.8,200000_201500,5,6.0,XGBoost,789.0,None,42,0,0.9,exact,0.11090497672557831,0.2747437059879303,23031074,0.5874125957489014,0.2258354276418686,0.039907436817884445,0.5244755148887634,0.01861546002328396,0.27113786339759827,22562044,0.81159907579422,0.2211994230747223,0.039061181247234344,0.5246396064758301,0.13122111558914185,0.2733994722366333,22908562,0.5989974737167358,0.22450478374958038,0.03976738080382347,0.548872172832489
68b9e89f517b45daa8faa92f26f96b4b,,LOCAL,/Users/vanalmsick/Workspace/MasterThesis/app/e_analyses/d_XGBoost.py,vanalmsick,FINISHED,3,gbtree,0.6000000000000001,0.47500000000000003,mae,0.75,200000_201500,11,4.0,XGBoost,876.0,None,42,0,0.8500000000000001,exact,0.12062222510576248,0.27587854862213135,22966514,0.5944055914878845,0.2280130684375763,0.04020809382200241,0.5244755148887634,0.014913412742316723,0.2713457942008972,22211714,0.8126047849655151,0.2216925472021103,0.03928134962916374,0.5246396064758301,0.13158828020095825,0.274126797914505,22503172,0.5989974737167358,0.22591835260391235,0.039931520819664,0.548872172832489
04cac6b8f7224d778894872a1b455d7c,,LOCAL,/Users/vanalmsick/Workspace/MasterThesis/app/e_analyses/d_XGBoost.py,vanalmsick,FINISHED,2,gbtree,0.8,0.42500000000000004,mae,0.6000000000000001,200000_201500,8,2.0,XGBoost,780.0,None,42,0,0.55,exact,0.13684499263763428,0.2772394120693207,22591344,0.5501165390014648,0.22968696057796478,0.0406118743121624,0.5244755148887634,0.01378233078867197,0.2688160240650177,21161250,0.8048943877220154,0.21830296516418457,0.03890810161828995,0.5246396064758301,0.1545497626066208,0.27360445261001587,21949682,0.5538846850395203,0.22572168707847595,0.040132321417331696,0.548872172832489
9fe01c26f1e74d0590da824f08be00d3,,LOCAL,/Users/vanalmsick/Workspace/MasterThesis/app/e_analyses/d_XGBoost.py,vanalmsick,FINISHED,1,gbtree,0.75,0.25,mae,0.65,200000_201500,7,3.0,XGBoost,276.0,None,42,0,0.75,exact,0.11390506476163864,0.27546295523643494,21495748,0.6083915829658508,0.2273857444524765,0.040408603847026825,0.5244755148887634,0.01849103346467018,0.27033179998397827,20850924,0.8059000968933105,0.21946856379508972,0.03919186815619469,0.5246396064758301,0.13181816041469574,0.2740562856197357,21410300,0.5839598774909973,0.22421829402446747,0.04024135321378708,0.548872172832489
4c6fcafe67d1485ab001b9924bbfa998,,LOCAL,/Users/vanalmsick/Workspace/MasterThesis/app/e_analyses/d_XGBoost.py,vanalmsick,FINISHED,3,gbtree,0.7000000000000001,0.1,mae,0.8,200000_201500,7,1.0,XGBoost,564.0,None,42,0,0.9500000000000001,exact,0.100443996489048,0.27750495076179504,21347218,0.6153846383094788,0.22960668802261353,0.040906090289354324,0.5244755148887634,0.019556207582354546,0.27523568272590637,21598396,0.8293663859367371,0.2252807766199112,0.040192458778619766,0.5246396064758301,0.1206749826669693,0.277454137802124,21551100,0.6015037298202515,0.22877919673919678,0.04114077240228653,0.548872172832489
d166cd8c5eba4117ba9d96388c2a956a,,LOCAL,/Users/vanalmsick/Workspace/MasterThesis/app/e_analyses/d_XGBoost.py,vanalmsick,FINISHED,2,gbtree,0.9,0.35000000000000003,mae,0.9500000000000001,200000_201500,2,2.0,XGBoost,953.0,None,42,0,1.0,exact,0.10632359236478806,0.28410276770591736,22412038,0.6013985872268677,0.23769201338291168,0.04233825206756592,0.5244755148887634,0.0765824168920517,0.27983957529067993,22017364,0.7251089215278625,0.2297735959291458,0.04120706766843796,0.5246396064758301,0.12854284048080444,0.2830401659011841,22387884,0.6140350699424744,0.23577992618083954,0.04240167513489723,0.548872172832489
62b5b40c8c8946c4b1f9ec61c4fa8a35,,LOCAL,/Users/vanalmsick/Workspace/MasterThesis/app/e_analyses/d_XGBoost.py,vanalmsick,FINISHED,4,gbtree,0.6000000000000001,0.42500000000000004,mae,0.75,200000_201500,3,4.0,XGBoost,149.0,None,42,0,0.9500000000000001,exact,0.12572477757930756,0.28126421570777893,22345620,0.5734265446662903,0.23529930412769318,0.042312141507864,0.5244755148887634,0.029968654736876488,0.2678825259208679,20569426,0.7841099500656128,0.21795935928821564,0.03930104523897171,0.5246396064758301,0.14106884598731995,0.27608799934387207,21938472,0.6090225577354431,0.22954940795898438,0.04187200218439102,0.548872172832489
78a15a73b0d54d7d92d2f35a2a624256,,LOCAL,/Users/vanalmsick/Workspace/MasterThesis/app/e_analyses/d_XGBoost.py,vanalmsick,FINISHED,2,gbtree,0.8500000000000001,0.45,mae,0.75,200000_201500,13,2.0,XGBoost,941.0,None,42,0,0.7000000000000001,exact,0.13474446535110474,0.27841705083847046,21219656,0.5827505588531494,0.23550036549568176,0.04231429845094681,0.5244755148887634,0.014788372442126274,0.2604944705963135,18827620,0.8105933666229248,0.21657998859882355,0.038018882274627686,0.5246396064758301,0.12399543076753616,0.269760400056839,20035590,0.5839598774909973,0.2253495454788208,0.040473468601703644,0.548872172832489
1fb549c646e7406ebabc24253a9e6df5,,LOCAL,/Users/vanalmsick/Workspace/MasterThesis/app/e_analyses/d_XGBoost.py,vanalmsick,FINISHED,1,gbtree,0.6000000000000001,0.025,mae,0.5,200000_201500,1,5.0,XGBoost,137.0,None,42,0,0.75,exact,0.09412921220064163,0.28206923604011536,19600114,0.6620046496391296,0.24774718284606934,0.04309718310832977,0.5244755148887634,0.1362360566854477,0.28550487756729126,23091998,0.6865571737289429,0.24622637033462524,0.042248599231243134,0.5246396064758301,0.11465524882078171,0.28636670112609863,20955958,0.6666666865348816,0.2506713271141052,0.04485831409692764,0.548872172832489
12a35dd95b25460f90595267f37603b0,,LOCAL,/Users/vanalmsick/Workspace/MasterThesis/app/e_analyses/d_XGBoost.py,vanalmsick,FINISHED,3,gbtree,0.65,0.275,mae,0.65,200000_201500,5,3.0,XGBoost,962.0,None,42,0,0.75,exact,0.1293065994977951,0.2676824629306793,26584502,0.5757575631141663,0.2198399156332016,0.038240570574998856,0.5244755148887634,0.01586281508207321,0.13386082649230957,13356825,0.8156218528747559,0.03172563016414642,0.007569671608507633,0.5246396064758301,0.13151104748249054,0.23586773872375488,23716552,0.6090225577354431,0.1733424961566925,0.032838646322488785,0.548872172832489
