Run ID,Name,Source Type,Source Name,User,Status,baseline,batch_size,class_weight,epochs,epsilon,initial_epoch,learning_rate,max_queue_size,min_delta,monitor,num_layers,optimizer_name,patience,restore_best_weights,sample_weight,shuffle,steps_per_epoch,use_multiprocessing,validation_batch_size,validation_freq,validation_split,validation_steps,workers,huber_loss,loss,mean_absolute_error,mean_absolute_percentage_error,mean_directional_accuracy,mean_squared_error,mean_squared_logarithmic_error,stopped_epoch,true_direction_pos,val_huber_loss,val_loss,val_mean_absolute_error,val_mean_absolute_percentage_error,val_mean_directional_accuracy,val_mean_squared_error,val_mean_squared_logarithmic_error,val_true_direction_pos
7683369c7c7440e79bcb6d28a9bc841a,,LOCAL,/Users/vanalmsick/Workspace/MasterThesis/app/e_analyses/_TF_Baseline.py,vanalmsick,FINISHED,None,None,None,1,1e-07,0,0.001,10,0,val_loss,0,Adam,25,True,None,True,None,False,None,1,0.0,None,1,0.1472764015197754,0.3515171408653259,0.3555448055267334,12101470,0.4989842474460602,0.3531452715396881,0.050124961882829666,0,0.4989842474460602,0.15720021724700928,0.38714027404785156,0.38714027404785156,11115654,0.5657370686531067,0.3577788174152374,0.061020899564027786,0.5657370686531067
e30301cb6b74405cb763e38a13e5c46d,,LOCAL,/Users/vanalmsick/Workspace/MasterThesis/app/e_analyses/_TF_Baseline.py,vanalmsick,FINISHED,None,None,None,1,1e-07,0,0.001,10,0,val_loss,0,Adam,25,True,None,True,None,False,None,1,0.0,None,1,0.1472764015197754,0.3515171408653259,0.35554566979408264,11961829,0.4989842474460602,0.3530764877796173,0.050310760736465454,0,0.4989842474460602,0.15720021724700928,0.38714027404785156,0.38714027404785156,11115654,0.5657370686531067,0.3577788174152374,0.061020899564027786,0.5657370686531067
4af0d90d4c744343976c808531b727f7,,LOCAL,/Users/vanalmsick/Workspace/MasterThesis/app/e_analyses/_TF_Baseline.py,vanalmsick,FINISHED,None,None,None,1,1e-07,0,0.001,10,0,val_loss,0,Adam,25,True,None,True,None,False,None,1,0.0,None,1,0.14652208983898163,0.34941187500953674,0.35369646549224854,10617231,0.4989842474460602,0.35142117738723755,0.051252953708171844,0,0.4989842474460602,0.15703600645065308,0.38714799284935,0.38714799284935,9880590,0.5657370686531067,0.3571704626083374,0.0626642256975174,0.5657370686531067
9e98ee0c39c94e81b22a7bece9028a80,,LOCAL,/Users/vanalmsick/Workspace/MasterThesis/app/e_analyses/_TF_Baseline.py,vanalmsick,FINISHED,None,None,None,1,1e-07,0,0.001,10,0,val_loss,0,Adam,25,True,None,True,None,False,None,1,0.0,None,1,0.14585889875888824,0.34757766127586365,0.3520998954772949,9272634,0.4989842474460602,0.3499658405780792,0.05237649381160736,0,0.4989842474460602,0.15696120262145996,0.38730737566947937,0.38730737566947937,8645526,0.5657370686531067,0.3567621111869812,0.06449508666992188,0.5657370686531067
5c87331f3b174a438a94c6323150d9f4,,LOCAL,/Users/vanalmsick/Workspace/MasterThesis/app/e_analyses/_TF_Baseline.py,vanalmsick,FINISHED,None,None,None,1,1e-07,0,0.001,10,0,val_loss,0,Adam,25,True,None,True,None,False,None,1,0.0,None,1,0.1452869325876236,0.34596219658851624,0.3507213592529297,7928036,0.4989842474460602,0.34871044754981995,0.05368650332093239,0,0.4989842474460602,0.15697580575942993,0.3875748813152313,0.3875748813152313,7410461,0.5657370686531067,0.35655373334884644,0.06651871651411057,0.5657370686531067
6150e4e596704a07a05126236e4e1c0e,,LOCAL,/Users/vanalmsick/Workspace/MasterThesis/app/e_analyses/_TF_Baseline.py,vanalmsick,FINISHED,None,None,None,1,1e-07,0,0.001,10,0,val_loss,0,Adam,25,True,None,True,None,False,None,1,0.0,None,1,0.14480632543563843,0.34467482566833496,0.3496496379375458,6583437.5,0.6863890290260315,0.3476549983024597,0.05518823489546776,0,0.4989842474460602,0.1570795476436615,0.3880552649497986,0.3880552649497986,6175397.5,0.7250996232032776,0.3565453588962555,0.06874033808708191,0.5657370686531067
7fe141dd10e84cf08cf6dde65a39ff59,,LOCAL,/Users/vanalmsick/Workspace/MasterThesis/app/e_analyses/_TF_Baseline.py,vanalmsick,FINISHED,None,None,None,1,1e-07,0,0.001,10,0,val_loss,0,Adam,25,True,None,True,None,False,None,1,0.0,None,1,0.1444171816110611,0.3436804711818695,0.34884947538375854,5238838,0.6863890290260315,0.3467995822429657,0.05688706040382385,0,0.4989842474460602,0.1572723388671875,0.3886752724647522,0.3886752724647522,4940334.5,0.7250996232032776,0.35673701763153076,0.07116549462080002,0.5657370686531067
9515de08741d49328826e8ee7ba35c4f,,LOCAL,/Users/vanalmsick/Workspace/MasterThesis/app/e_analyses/_TF_Baseline.py,vanalmsick,FINISHED,None,None,None,1,1e-07,0,0.001,10,0,val_loss,0,Adam,25,True,None,True,None,False,None,1,0.0,None,1,0.1441195160150528,0.3429112434387207,0.34826406836509705,3894237.5,0.6863890290260315,0.34614425897598267,0.05878845602273941,0,0.4989842474460602,0.15755431354045868,0.38939839601516724,0.38939839601516724,3705271,0.7250996232032776,0.35712864995002747,0.07379990071058273,0.5657370686531067
551f1fc0435f4c5ba202f28f72e21916,,LOCAL,/Users/vanalmsick/Workspace/MasterThesis/app/e_analyses/_TF_Baseline.py,vanalmsick,FINISHED,None,None,None,1,1e-07,0,0.001,10,0,val_loss,0,Adam,25,True,None,True,None,False,None,1,0.0,None,1,0.14391320943832397,0.34237876534461975,0.34791627526283264,2549638.75,0.6863890290260315,0.3456888198852539,0.06089835613965988,0,0.4989842474460602,0.15792550146579742,0.39025479555130005,0.39025479555130005,2470208.5,0.7250996232032776,0.357720285654068,0.07664946466684341,0.5657370686531067
3afb9032dc6e4be28042b41ee94decf9,,LOCAL,/Users/vanalmsick/Workspace/MasterThesis/app/e_analyses/_TF_Baseline.py,vanalmsick,FINISHED,None,None,None,1,1e-07,0,0.001,10,0,val_loss,0,Adam,25,True,None,True,None,False,None,1,0.0,None,1,0.143798366189003,0.3420761525630951,0.3477906286716461,1205041.375,0.6863890290260315,0.34543341398239136,0.06322279572486877,0,0.4989842474460602,0.15838594734668732,0.39135584235191345,0.39135584235191345,1235147,0.7250996232032776,0.35851189494132996,0.07972026616334915,0.5657370686531067
9d4e36f6953c405c9fd70e0dd4f07282,,LOCAL,/Users/vanalmsick/Workspace/MasterThesis/app/e_analyses/_TF_Baseline.py,vanalmsick,FINISHED,None,None,None,1,1e-07,0,0.001,10,0,val_loss,0,Adam,25,True,None,True,None,False,None,1,0.0,None,1,0.14377504587173462,0.34200119972229004,0.34815678000450134,139726.421875,0.5563737750053406,0.3453781306743622,0.06536831706762314,0,0.4989842474460602,0.1589355617761612,0.3926185369491577,0.3926185369491577,87.64939880371094,0.4721115529537201,0.35950350761413574,0.08301863074302673,0.5657370686531067
580ec191e3e044e187903142ceb15f9e,,LOCAL,/Users/vanalmsick/Workspace/MasterThesis/app/e_analyses/_TF_Baseline.py,vanalmsick,FINISHED,None,None,None,1,1e-07,0,0.001,10,0,val_loss,0,Adam,25,True,None,True,None,False,None,1,0.0,None,1,0.14384299516677856,0.34475597739219666,0.35105791687965393,1484323.25,0.5563737750053406,0.3455227017402649,0.06536831706762314,0,0.4989842474460602,0.15957467257976532,0.3964449167251587,0.3964449167251587,1235149.5,0.4721115529537201,0.3606951832771301,0.08301863074302673,0.5657370686531067
024bb08cbf104983936a1d3eabeb4ba0,,LOCAL,/Users/vanalmsick/Workspace/MasterThesis/app/e_analyses/_TF_Baseline.py,vanalmsick,FINISHED,None,None,None,1,1e-07,0,0.001,10,0,val_loss,0,Adam,25,True,None,True,None,False,None,1,0.0,None,1,0.1440022885799408,0.3476927876472473,0.3541371524333954,2828924.75,0.5563737750053406,0.3458673655986786,0.06536831706762314,0,0.4989842474460602,0.16030378639698029,0.40049412846565247,0.40049412846565247,2470213.75,0.4721115529537201,0.36208680272102356,0.08301863074302673,0.5657370686531067
8fae6564606d4008960f9ab61dcaca6c,,LOCAL,/Users/vanalmsick/Workspace/MasterThesis/app/e_analyses/_TF_Baseline.py,vanalmsick,FINISHED,None,None,None,1,1e-07,0,0.001,10,0,val_loss,0,Adam,25,True,None,True,None,False,None,1,0.0,None,1,0.14425276219844818,0.35086965560913086,0.3574386239051819,4173525.5,0.5563737750053406,0.3464120626449585,0.06536831706762314,0,0.4989842474460602,0.16112297773361206,0.40469083189964294,0.40469083189964294,3705279.25,0.4721115529537201,0.3636784553527832,0.08301863074302673,0.5657370686531067
956231464a014638a9595ad968a5ba9a,,LOCAL,/Users/vanalmsick/Workspace/MasterThesis/app/e_analyses/_TF_Baseline.py,vanalmsick,FINISHED,None,None,None,1,1e-07,0,0.001,10,0,val_loss,0,Adam,25,True,None,True,None,False,None,1,0.0,None,1,0.14459431171417236,0.3542539179325104,0.36094173789024353,5518127.5,0.5563737750053406,0.3471566438674927,0.06536831706762314,0,0.4989842474460602,0.16203220188617706,0.40896955132484436,0.40896955132484436,4940344.5,0.4721115529537201,0.3654700517654419,0.08301863074302673,0.5657370686531067
da10abea129741fa90f1b8c76006dc38,,LOCAL,/Users/vanalmsick/Workspace/MasterThesis/app/e_analyses/_TF_Baseline.py,vanalmsick,FINISHED,None,None,None,1,1e-07,0,0.001,10,0,val_loss,0,Adam,25,True,None,True,None,False,None,1,0.0,None,1,0.14502719044685364,0.35787421464920044,0.3646630346775055,6862729,0.5563737750053406,0.34810125827789307,0.06536831706762314,0,0.4989842474460602,0.163031667470932,0.4134052097797394,0.4134052097797394,6175410,0.4721115529537201,0.3674617111682892,0.08301863074302673,0.5657370686531067
2f79e40d2b9a47ccad4b23678b72b9ff,,LOCAL,/Users/vanalmsick/Workspace/MasterThesis/app/e_analyses/_TF_Baseline.py,vanalmsick,FINISHED,None,None,None,1,1e-07,0,0.001,10,0,val_loss,0,Adam,25,True,None,True,None,False,None,1,0.0,None,1,0.14555135369300842,0.36172810196876526,0.36861082911491394,8207330.5,0.3651599884033203,0.34924599528312683,0.06536831706762314,0,0.4989842474460602,0.16412143409252167,0.4179185926914215,0.4179185926914215,7410476,0.31075698137283325,0.3696533441543579,0.08301863074302673,0.5657370686531067
0f98199168eb493797a28291e399eaab,,LOCAL,/Users/vanalmsick/Workspace/MasterThesis/app/e_analyses/_TF_Baseline.py,vanalmsick,FINISHED,None,None,None,1,1e-07,0,0.001,10,0,val_loss,0,Adam,25,True,None,True,None,False,None,1,0.0,None,1,0.14616671204566956,0.3657301664352417,0.37271490693092346,9551932,0.3651599884033203,0.3505905568599701,0.06536831706762314,0,0.4989842474460602,0.16530123353004456,0.4226033687591553,0.4226033687591553,8645542,0.31075698137283325,0.37204498052597046,0.08301863074302673,0.5657370686531067
c3328d59b0994bf88165b935ada799f1,,LOCAL,/Users/vanalmsick/Workspace/MasterThesis/app/e_analyses/_TF_Baseline.py,vanalmsick,FINISHED,None,None,None,1,1e-07,0,0.001,10,0,val_loss,0,Adam,25,True,None,True,None,False,None,1,0.0,None,1,0.14687329530715942,0.36990270018577576,0.37698784470558167,10896533,0.3651599884033203,0.35213521122932434,0.06536831706762314,0,0.4989842474460602,0.16657091677188873,0.4275074601173401,0.4275074601173401,9880608,0.31075698137283325,0.3746366500854492,0.08301863074302673,0.5657370686531067
08ed504f33d242cab859ddc93fb4ec99,,LOCAL,/Users/vanalmsick/Workspace/MasterThesis/app/e_analyses/_TF_Baseline.py,vanalmsick,FINISHED,None,None,None,1,1e-07,0,0.001,10,0,val_loss,0,Adam,25,True,None,True,None,False,None,1,0.0,None,1,0.14767107367515564,0.3742326498031616,0.3814128339290619,12241137,0.3651599884033203,0.35387977957725525,0.06536831706762314,0,0.4989842474460602,0.1679302453994751,0.4325679838657379,0.4325679838657379,11115676,0.31075698137283325,0.37742823362350464,0.08301863074302673,0.5657370686531067
ff34e6f0f1974ea392dd5d2b536006f0,,LOCAL,/Users/vanalmsick/Workspace/MasterThesis/app/e_analyses/_TF_Baseline.py,vanalmsick,FINISHED,None,None,None,1,1e-07,0,0.001,10,0,val_loss,0,Adam,25,True,None,True,None,False,None,1,0.0,None,1,0.14856019616127014,0.3787486255168915,0.3734816014766693,13723183,0.3651599884033203,0.34475845098495483,0.060865022242069244,0,0.4989842474460602,0.16937901079654694,0.43773871660232544,0.43773871660232544,12350742,0.31075698137283325,0.38041990995407104,0.08301863074302673,0.5657370686531067
dde84e5b123e4e1bb5eed62146ef51d7,,LOCAL,/Users/vanalmsick/Workspace/MasterThesis/app/e_analyses/_TF_Baseline.py,vanalmsick,FINISHED,None,None,None,1,1e-07,0,0.001,10,0,val_loss,0,Adam,25,True,None,True,None,False,None,1,0.0,None,1,0.1711380034685135,0.3876868486404419,0.39002910256385803,10305104,0.6104621887207031,0.41223883628845215,0.0660352110862732,0,0.4989842474460602,0.1688726842403412,0.40103963017463684,0.40103963017463684,14392674,0.6593625545501709,0.39397624135017395,0.07142355293035507,0.5657370686531067
1ee0481bfeee406ebd5e58dcd086ae95,,LOCAL,/Users/vanalmsick/Workspace/MasterThesis/app/e_analyses/_TF_Baseline.py,vanalmsick,FINISHED,None,None,None,1,1e-07,0,0.001,10,0,val_loss,0,Adam,25,True,None,True,None,False,None,1,0.0,None,1,0.17507614195346832,0.3917161524295807,0.39633750915527344,10518951,0.6188420653343201,0.43153101205825806,0.06889642775058746,0,0.4989842474460602,0.17416413128376007,0.40840330719947815,0.40840330719947815,16898824,0.6513944268226624,0.4143473207950592,0.07210865616798401,0.5657370686531067
f2e64182a16d485cb2a1721a7948ab0a,,LOCAL,/Users/vanalmsick/Workspace/MasterThesis/app/e_analyses/_TF_Baseline.py,vanalmsick,FINISHED,None,None,None,1,1e-07,0,0.001,10,0,val_loss,0,Adam,25,True,None,True,None,False,None,1,0.0,None,1,0.18878702819347382,0.40877437591552734,0.414380818605423,11218107,0.607414960861206,0.48052600026130676,0.07476427406072617,0,0.4989842474460602,0.19885370135307312,0.4325902462005615,0.4325902462005615,17641346,0.6474103331565857,0.48935773968696594,0.08087702095508575,0.5657370686531067
fbd8f0423df04d0bb4a55491e7a16729,,LOCAL,/Users/vanalmsick/Workspace/MasterThesis/app/e_analyses/_TF_Baseline.py,vanalmsick,FINISHED,None,None,None,1,1e-07,0,0.001,10,0,val_loss,0,Adam,25,True,None,True,None,False,None,1,0.0,None,1,0.22710202634334564,0.4503018260002136,0.44896045327186584,12568181,0.6185880899429321,0.5916932821273804,0.08853179961442947,0,0.4989842474460602,0.22291964292526245,0.45836102962493896,0.45836102962493896,14885638,0.6454183459281921,0.5760137438774109,0.08556099236011505,0.5657370686531067
f676f62ff1fc41df99dd67ef997689f0,,LOCAL,/Users/vanalmsick/Workspace/MasterThesis/app/e_analyses/_TF_Baseline.py,vanalmsick,FINISHED,None,None,None,1,1e-07,0,0.001,10,0,val_loss,0,Adam,25,True,None,True,None,False,None,1,0.0,None,1,0.22710202634334564,0.4503018260002136,0.44377997517585754,10291986,0.6185880899429321,0.5754077434539795,0.0885222852230072,0,0.4989842474460602,0.22291964292526245,0.45836102962493896,0.45836102962493896,14885638,0.6454183459281921,0.5760137438774109,0.08556099236011505,0.5657370686531067
bf456c9412964d698a85edcd66d9d6a9,,LOCAL,/Users/vanalmsick/Workspace/MasterThesis/app/e_analyses/_TF_Baseline.py,vanalmsick,FINISHED,None,None,None,1,1e-07,0,0.001,10,0,val_loss,0,Adam,25,True,None,True,None,False,None,1,0.0,None,1,0.14431384205818176,0.34417837858200073,0.3424871563911438,1297657.875,0.5507749915122986,0.3418557643890381,0.06172574311494827,0,0.5045430064201355,0.1290934830904007,0.3195114731788635,0.3195114731788635,87.52556610107422,0.5562372207641602,0.3121189475059509,0.05778378248214722,0.5010225176811218
fcf55f434d904706a6cd3822df889e87,,LOCAL,/Users/vanalmsick/Workspace/MasterThesis/app/e_analyses/_TF_Baseline.py,vanalmsick,FINISHED,None,None,None,1,1e-07,0,0.001,10,0,val_loss,0,Adam,25,True,None,True,None,False,None,1,0.0,None,1,0.14746767282485962,0.3526645004749298,0.34971508383750916,11810568,0.5045430064201355,0.3492068946361542,0.048743121325969696,0,0.5045430064201355,0.13233518600463867,0.329545259475708,0.329545259475708,11227130,0.5010225176811218,0.32072412967681885,0.044424351304769516,0.5010225176811218
67d764571a234ab5a010e9f81440685a,,LOCAL,/Users/vanalmsick/Workspace/MasterThesis/app/e_analyses/_TF_Baseline.py,vanalmsick,FINISHED,None,None,None,1,1e-07,0,0.001,10,0,val_loss,0,Adam,25,True,None,True,None,False,None,1,0.0,None,1,0.14675167202949524,0.3506825268268585,0.34774085879325867,10482271,0.5045430064201355,0.34748023748397827,0.049617037177085876,0,0.5045430064201355,0.13160440325737,0.3271450996398926,0.3271450996398926,9979679,0.5010225176811218,0.3189680278301239,0.04514380916953087,0.5010225176811218
265d2b42d9ad4378a65b86ead8e360be,,LOCAL,/Users/vanalmsick/Workspace/MasterThesis/app/e_analyses/_TF_Baseline.py,vanalmsick,FINISHED,None,None,None,1,1e-07,0,0.001,10,0,val_loss,0,Adam,25,True,None,True,None,False,None,1,0.0,None,1,0.1461268961429596,0.34894859790802,0.3460327684879303,9153976,0.5045430064201355,0.34595349431037903,0.050671663135290146,0,0.5045430064201355,0.13096605241298676,0.3252301812171936,0.3252301812171936,8732227,0.5010225176811218,0.317411869764328,0.04604222998023033,0.5010225176811218
af644ce5c1ae43d0b14ff3eafdf8053f,,LOCAL,/Users/vanalmsick/Workspace/MasterThesis/app/e_analyses/_TF_Baseline.py,vanalmsick,FINISHED,None,None,None,1,1e-07,0,0.001,10,0,val_loss,0,Adam,25,True,None,True,None,False,None,1,0.0,None,1,0.14559338986873627,0.3474220931529999,0.3445480763912201,7825682.5,0.5045430064201355,0.344626784324646,0.051912110298871994,0,0.5045430064201355,0.13042029738426208,0.32371997833251953,0.32371997833251953,7484776.5,0.5010225176811218,0.3160557746887207,0.047124624252319336,0.5010225176811218
80c69c2513c7484c8e5f7afa4e93090b,,LOCAL,/Users/vanalmsick/Workspace/MasterThesis/app/e_analyses/_TF_Baseline.py,vanalmsick,FINISHED,None,None,None,1,1e-07,0,0.001,10,0,val_loss,0,Adam,25,True,None,True,None,False,None,1,0.0,None,1,0.14515133202075958,0.34622928500175476,0.34336990118026733,6497386,0.6878674626350403,0.3434999883174896,0.05334360525012016,0,0.5045430064201355,0.12996718287467957,0.32255515456199646,0.32255515456199646,6237326.5,0.6952965259552002,0.31489965319633484,0.04839611425995827,0.5010225176811218
5d3d4f1d01cc44a1b3813993ec185ee0,,LOCAL,/Users/vanalmsick/Workspace/MasterThesis/app/e_analyses/_TF_Baseline.py,vanalmsick,FINISHED,None,None,None,1,1e-07,0,0.001,10,0,val_loss,0,Adam,25,True,None,True,None,False,None,1,0.0,None,1,0.1448008418083191,0.3453599512577057,0.34249889850616455,5169089,0.6878674626350403,0.3425731956958771,0.05497153848409653,0,0.5045430064201355,0.1296067088842392,0.3214889168739319,0.3214889168739319,4989876.5,0.6952965259552002,0.3139435052871704,0.04986204952001572,0.5010225176811218
32a32bd721574646af3ba91123766804,,LOCAL,/Users/vanalmsick/Workspace/MasterThesis/app/e_analyses/_TF_Baseline.py,vanalmsick,FINISHED,None,None,None,1,1e-07,0,0.001,10,0,val_loss,0,Adam,25,True,None,True,None,False,None,1,0.0,None,1,0.1445418745279312,0.3447255492210388,0.3418598771095276,3840792.5,0.6878674626350403,0.3418464958667755,0.056801360100507736,0,0.5045430064201355,0.12933890521526337,0.32060518860816956,0.32060518860816956,3742427,0.6952965259552002,0.3131873607635498,0.0515279620885849,0.5010225176811218
7cbacfa537904ace8c8ba5dabe0efcfc,,LOCAL,/Users/vanalmsick/Workspace/MasterThesis/app/e_analyses/_TF_Baseline.py,vanalmsick,FINISHED,None,None,None,1,1e-07,0,0.001,10,0,val_loss,0,Adam,25,True,None,True,None,False,None,1,0.0,None,1,0.14437438547611237,0.3443281352519989,0.34146633744239807,2512497.5,0.6878674626350403,0.3413197696208954,0.05883896350860596,0,0.5045430064201355,0.12916405498981476,0.3199307322502136,0.3199307322502136,2494978.25,0.6952965259552002,0.312631219625473,0.053399574011564255,0.5010225176811218
44985d2c9d8b4da8b5fe9ef4012f01ee,,LOCAL,/Users/vanalmsick/Workspace/MasterThesis/app/e_analyses/_TF_Baseline.py,vanalmsick,FINISHED,None,None,None,1,1e-07,0,0.001,10,0,val_loss,0,Adam,25,True,None,True,None,False,None,1,0.0,None,1,0.14429831504821777,0.3441447615623474,0.3412977457046509,1184203.75,0.6878674626350403,0.3409929573535919,0.061090413480997086,0,0.5045430064201355,0.12908224761486053,0.3195667564868927,0.3195667564868927,1247531.25,0.6952965259552002,0.31227508187294006,0.05548280104994774,0.5010225176811218
63530a7d45f34d4ca285e8c4fd54f4c4,,LOCAL,/Users/vanalmsick/Workspace/MasterThesis/app/e_analyses/_TF_Baseline.py,vanalmsick,FINISHED,None,None,None,1,1e-07,0,0.001,10,0,val_loss,0,Adam,25,True,None,True,None,False,None,1,0.0,None,1,0.14431384205818176,0.34417837858200073,0.3416248559951782,144261,0.5507749915122986,0.3408662676811218,0.06326977163553238,0,0.5045430064201355,0.1290934830904007,0.3195114731788635,0.3195114731788635,87.52556610107422,0.5562372207641602,0.3121189475059509,0.05778378248214722,0.5010225176811218
06e5bb85feb346af89107601ecd99695,,LOCAL,/Users/vanalmsick/Workspace/MasterThesis/app/e_analyses/_TF_Baseline.py,vanalmsick,FINISHED,None,None,None,1,1e-07,0,0.001,10,0,val_loss,0,Adam,25,True,None,True,None,False,None,1,0.0,None,1,0.14442069828510284,0.3470020592212677,0.3444463014602661,1472554.875,0.5507749915122986,0.3409394919872284,0.06326977163553238,0,0.5045430064201355,0.12919744849205017,0.3220842778682709,0.3220842778682709,1247534.25,0.5562372207641602,0.3121628165245056,0.05778378248214722,0.5010225176811218
a35ed0dc9ce54ffb8688ae78650b1943,,LOCAL,/Users/vanalmsick/Workspace/MasterThesis/app/e_analyses/_TF_Baseline.py,vanalmsick,FINISHED,None,None,None,1,1e-07,0,0.001,10,0,val_loss,0,Adam,25,True,None,True,None,False,None,1,0.0,None,1,0.1446189433336258,0.35000133514404297,0.34744951128959656,2800852.5,0.5507749915122986,0.34121277928352356,0.06326977163553238,0,0.5045430064201355,0.12939387559890747,0.32488879561424255,0.32488879561424255,2494983.5,0.5562372207641602,0.31240662932395935,0.05778378248214722,0.5010225176811218
612e8ec007ce43f0ae06137184cd3858,,LOCAL,/Users/vanalmsick/Workspace/MasterThesis/app/e_analyses/_TF_Baseline.py,vanalmsick,FINISHED,None,None,None,1,1e-07,0,0.001,10,0,val_loss,0,Adam,25,True,None,True,None,False,None,1,0.0,None,1,0.14490844309329987,0.3532378077507019,0.3506881892681122,4129150.5,0.5507749915122986,0.3416861593723297,0.06326977163553238,0,0.5045430064201355,0.12968270480632782,0.32792210578918457,0.32792210578918457,3742434,0.5562372207641602,0.3128505349159241,0.05778378248214722,0.5010225176811218
eeff28d1162c49ae834584dcfb88c420,,LOCAL,/Users/vanalmsick/Workspace/MasterThesis/app/e_analyses/_TF_Baseline.py,vanalmsick,FINISHED,None,None,None,1,1e-07,0,0.001,10,0,val_loss,0,Adam,25,True,None,True,None,False,None,1,0.0,None,1,0.14528913795948029,0.3566749691963196,0.3541567623615265,5457448.5,0.5507749915122986,0.34235939383506775,0.06326977163553238,0,0.5045430064201355,0.13006381690502167,0.33117756247520447,0.33117756247520447,4989885,0.5562372207641602,0.31349438428878784,0.05778378248214722,0.5010225176811218
03a63a74620c4a2caf40a4573cd67cc8,,LOCAL,/Users/vanalmsick/Workspace/MasterThesis/app/e_analyses/_TF_Baseline.py,vanalmsick,FINISHED,None,None,None,1,1e-07,0,0.001,10,0,val_loss,0,Adam,25,True,None,True,None,False,None,1,0.0,None,1,0.1457611620426178,0.36032718420028687,0.35784590244293213,6785747.5,0.5507749915122986,0.3432326316833496,0.06326977163553238,0,0.5045430064201355,0.13053740561008453,0.3348865211009979,0.3348865211009979,6237337.5,0.5562372207641602,0.3143382668495178,0.05778378248214722,0.5010225176811218
9d9adc02fa7048c6af1a39b9c21dd978,,LOCAL,/Users/vanalmsick/Workspace/MasterThesis/app/e_analyses/_TF_Baseline.py,vanalmsick,FINISHED,None,None,None,1,1e-07,0,0.001,10,0,val_loss,0,Adam,25,True,None,True,None,False,None,1,0.0,None,1,0.14632461965084076,0.3642093241214752,0.3617527186870575,8114046.5,0.361571341753006,0.34430599212646484,0.06326977163553238,0,0.5045430064201355,0.13110360503196716,0.3388582766056061,0.3388582766056061,7484790.5,0.3742331266403198,0.31538212299346924,0.05778378248214722,0.5010225176811218
ad5fa456548045baba4419fe4f1a1acd,,LOCAL,/Users/vanalmsick/Workspace/MasterThesis/app/e_analyses/_TF_Baseline.py,vanalmsick,FINISHED,None,None,None,1,1e-07,0,0.001,10,0,val_loss,0,Adam,25,True,None,True,None,False,None,1,0.0,None,1,0.14697931706905365,0.3682467043399811,0.3658243715763092,9442345,0.361571341753006,0.34557926654815674,0.06326977163553238,0,0.5045430064201355,0.13176250457763672,0.3429539203643799,0.3429539203643799,8732243,0.3742331266403198,0.3166259825229645,0.05778378248214722,0.5010225176811218
ab11f940123e45f597fc2715b8205448,,LOCAL,/Users/vanalmsick/Workspace/MasterThesis/app/e_analyses/_TF_Baseline.py,vanalmsick,FINISHED,None,None,None,1,1e-07,0,0.001,10,0,val_loss,0,Adam,25,True,None,True,None,False,None,1,0.0,None,1,0.1477251946926117,0.3724374771118164,0.3700428307056427,10770644,0.361571341753006,0.34705254435539246,0.06326977163553238,0,0.5045430064201355,0.13251420855522156,0.3472880721092224,0.3472880721092224,9979697,0.3742331266403198,0.3180698752403259,0.05778378248214722,0.5010225176811218
3da8b4091cd644358fd300b56186441c,,LOCAL,/Users/vanalmsick/Workspace/MasterThesis/app/e_analyses/_TF_Baseline.py,vanalmsick,FINISHED,None,None,None,1,1e-07,0,0.001,10,0,val_loss,0,Adam,25,True,None,True,None,False,None,1,0.0,None,1,0.14856231212615967,0.3767909109592438,0.3744249939918518,12098943,0.361571341753006,0.34872573614120483,0.06326977163553238,0,0.5045430064201355,0.13335874676704407,0.35171830654144287,0.35171830654144287,11227151,0.3742331266403198,0.31971368193626404,0.05778378248214722,0.5010225176811218
0c7faa0addcb49bd8612fc1d8ad8be1c,,LOCAL,/Users/vanalmsick/Workspace/MasterThesis/app/e_analyses/_TF_Baseline.py,vanalmsick,FINISHED,None,None,None,1,1e-07,0,0.001,10,0,val_loss,0,Adam,25,True,None,True,None,False,None,1,0.0,None,1,0.14949080348014832,0.38133949041366577,0.38482120633125305,13882944,0.361571341753006,0.36199986934661865,0.06500844657421112,0,0.5045430064201355,0.1342962384223938,0.3563201427459717,0.3563201427459717,12474604,0.3742331266403198,0.3215576112270355,0.05778378248214722,0.5010225176811218
9f7e254adc1947e78f99aa0716688914,,LOCAL,/Users/vanalmsick/Workspace/MasterThesis/app/e_analyses/_TF_Baseline.py,vanalmsick,FINISHED,None,None,None,1,1e-07,0,0.001,10,0,val_loss,0,Adam,25,True,None,True,None,False,None,1,0.0,None,1,0.17468106746673584,0.39445310831069946,0.39041879773139954,9433264,0.6130411624908447,0.4163956344127655,0.06658438593149185,0,0.5045430064201355,0.1537790447473526,0.36086413264274597,0.36086413264274597,10348161,0.6339468359947205,0.38358867168426514,0.05687592551112175,0.5010225176811218
d518fa0cba234f0c915016758fbef0ce,,LOCAL,/Users/vanalmsick/Workspace/MasterThesis/app/e_analyses/_TF_Baseline.py,vanalmsick,FINISHED,None,None,None,1,1e-07,0,0.001,10,0,val_loss,0,Adam,25,True,None,True,None,False,None,1,0.0,None,1,0.17968855798244476,0.3998717963695526,0.397896945476532,9822314,0.6186531186103821,0.43414273858070374,0.0693746879696846,0,0.5045430064201355,0.15457408130168915,0.3595467507839203,0.3595467507839203,11190954,0.6400818228721619,0.3950873613357544,0.05731738731265068,0.5010225176811218
7a749de3b2bc4391af4d6633d8ede6dc,,LOCAL,/Users/vanalmsick/Workspace/MasterThesis/app/e_analyses/_TF_Baseline.py,vanalmsick,FINISHED,None,None,None,1,1e-07,0,0.001,10,0,val_loss,0,Adam,25,True,None,True,None,False,None,1,0.0,None,1,0.19349901378154755,0.416494220495224,0.4191039502620697,10407661,0.6103687882423401,0.49399706721305847,0.07743702083826065,0,0.5045430064201355,0.17019407451152802,0.38278448581695557,0.38278448581695557,14461180,0.6319018602371216,0.43952494859695435,0.06386254727840424,0.5010225176811218
549ea8709ce444f2acbf0eeb3905096c,,LOCAL,/Users/vanalmsick/Workspace/MasterThesis/app/e_analyses/_TF_Baseline.py,vanalmsick,FINISHED,None,None,None,1,1e-07,0,0.001,10,0,val_loss,0,Adam,25,True,None,True,None,False,None,1,0.0,None,1,0.23199430108070374,0.45768502354621887,0.45860201120376587,11853826,0.6165152192115784,0.6171273589134216,0.09134379029273987,0,0.5045430064201355,0.2199593186378479,0.4390745460987091,0.4390745460987091,12465047,0.6421267986297607,0.601093053817749,0.0870642140507698,0.5010225176811218
df67abd3e5ac4ac79c6e7d8c65d44062,,LOCAL,/Users/vanalmsick/Workspace/MasterThesis/app/e_analyses/_TF_Baseline.py,vanalmsick,FINISHED,None,None,None,1,1e-07,0,0.001,10,0,val_loss,0,Adam,25,True,None,True,None,False,None,1,0.0,None,1,0.23199430108070374,0.45768502354621887,0.44172194600105286,10198447,0.6165152192115784,0.5843597650527954,0.08767477422952652,0,0.5045430064201355,0.2199593186378479,0.4390745460987091,0.4390745460987091,12465047,0.6421267986297607,0.601093053817749,0.0870642140507698,0.5010225176811218
d667af6ffb204f079ffa3b9656378f05,,LOCAL,/Users/vanalmsick/Workspace/MasterThesis/app/e_analyses/_TF_Baseline.py,vanalmsick,FINISHED,None,None,None,1,1e-07,0,0.001,10,0,val_loss,0,Adam,25,True,None,True,None,False,None,1,0.0,None,1,0.13959205150604248,0.33991074562072754,0.34256306290626526,2582184,0.6897327899932861,0.3402862846851349,0.06037639454007149,0,0.5071730017662048,0.1600830852985382,0.3517996370792389,0.3517996370792389,1354925.5,0.698924720287323,0.39095768332481384,0.06157774478197098,0.5118279457092285
0c9086af17014f51840b0c03a5019663,,LOCAL,/Users/vanalmsick/Workspace/MasterThesis/app/e_analyses/_TF_Baseline.py,vanalmsick,FINISHED,None,None,None,1,1e-07,0,0.001,10,0,val_loss,0,Adam,25,True,None,True,None,False,None,1,0.0,None,1,0.1424318552017212,0.3473605811595917,0.348889023065567,11798629,0.5071730017662048,0.3464282751083374,0.04938225820660591,0,0.5071730017662048,0.16381223499774933,0.362840473651886,0.362840473651886,12193702,0.5118279457092285,0.40202534198760986,0.05004607141017914,0.5118279457092285
0f840e149a4041f8808941ca854ed1c2,,LOCAL,/Users/vanalmsick/Workspace/MasterThesis/app/e_analyses/_TF_Baseline.py,vanalmsick,FINISHED,None,None,None,1,1e-07,0,0.001,10,0,val_loss,0,Adam,25,True,None,True,None,False,None,1,0.0,None,1,0.14175543189048767,0.3454930782318115,0.3469991981983185,10470266,0.5071730017662048,0.34479352831840515,0.050286874175071716,0,0.5071730017662048,0.1630321592092514,0.36057421565055847,0.36057421565055847,10838854,0.5118279457092285,0.39994189143180847,0.050822749733924866,0.5118279457092285
c0b136390bdc44538d3836b172cdfe7e,,LOCAL,/Users/vanalmsick/Workspace/MasterThesis/app/e_analyses/_TF_Baseline.py,vanalmsick,FINISHED,None,None,None,1,1e-07,0,0.001,10,0,val_loss,0,Adam,25,True,None,True,None,False,None,1,0.0,None,1,0.1411707103252411,0.3438917398452759,0.34536200761795044,9141903,0.5071730017662048,0.3433587849140167,0.05137249454855919,0,0.5071730017662048,0.16234169900417328,0.35851359367370605,0.35851359367370605,9484004,0.5118279457092285,0.3980584144592285,0.051778919994831085,0.5118279457092285
faf907541d9849ab829ec26631dbbe3c,,LOCAL,/Users/vanalmsick/Workspace/MasterThesis/app/e_analyses/_TF_Baseline.py,vanalmsick,FINISHED,None,None,None,1,1e-07,0,0.001,10,0,val_loss,0,Adam,25,True,None,True,None,False,None,1,0.0,None,1,0.14067772030830383,0.34251394867897034,0.3439532518386841,7813541,0.5071730017662048,0.3421240448951721,0.052644241601228714,0,0.5071730017662048,0.16174091398715973,0.3566022515296936,0.3566022515296936,8129156,0.5118279457092285,0.3963749408721924,0.05291960388422012,0.5118279457092285
8fc2466cbdd448e7b2b10d961d25fd7f,,LOCAL,/Users/vanalmsick/Workspace/MasterThesis/app/e_analyses/_TF_Baseline.py,vanalmsick,FINISHED,None,None,None,1,1e-07,0,0.001,10,0,val_loss,0,Adam,25,True,None,True,None,False,None,1,0.0,None,1,0.14027667045593262,0.34149059653282166,0.3429061770439148,6485177.5,0.6897327899932861,0.3410891890525818,0.05410733446478844,0,0.5071730017662048,0.16122984886169434,0.35495686531066895,0.35495686531066895,6774308,0.698924720287323,0.39489150047302246,0.05424993485212326,0.5118279457092285
7228725db435422ca8c62326a4f1235c,,LOCAL,/Users/vanalmsick/Workspace/MasterThesis/app/e_analyses/_TF_Baseline.py,vanalmsick,FINISHED,None,None,None,1,1e-07,0,0.001,10,0,val_loss,0,Adam,25,True,None,True,None,False,None,1,0.0,None,1,0.13996756076812744,0.34076589345932007,0.3421466052532196,5156813.5,0.6897327899932861,0.34025442600250244,0.05576713755726814,0,0.5071730017662048,0.16080842912197113,0.35372841358184814,0.35372841358184814,5419460.5,0.698924720287323,0.3936080038547516,0.05577528104186058,0.5118279457092285
36ae81307a804b279a0aaaa5e2688b2c,,LOCAL,/Users/vanalmsick/Workspace/MasterThesis/app/e_analyses/_TF_Baseline.py,vanalmsick,FINISHED,None,None,None,1,1e-07,0,0.001,10,0,val_loss,0,Adam,25,True,None,True,None,False,None,1,0.0,None,1,0.13975049555301666,0.34028080105781555,0.3416367769241333,3828450.25,0.6897327899932861,0.3396197557449341,0.05762917175889015,0,0.5071730017662048,0.16047672927379608,0.35270243883132935,0.35270243883132935,4064614,0.698924720287323,0.3925245702266693,0.057501163333654404,0.5118279457092285
6add283d572c4a168e8fcd54664c73ef,,LOCAL,/Users/vanalmsick/Workspace/MasterThesis/app/e_analyses/_TF_Baseline.py,vanalmsick,FINISHED,None,None,None,1,1e-07,0,0.001,10,0,val_loss,0,Adam,25,True,None,True,None,False,None,1,0.0,None,1,0.13962535560131073,0.34001022577285767,0.34137392044067383,2500088.75,0.6897327899932861,0.3391849398612976,0.05969931185245514,0,0.5071730017662048,0.1602349430322647,0.3520036041736603,0.3520036041736603,2709768.5,0.698924720287323,0.39164111018180847,0.05943334847688675,0.5118279457092285
169e4c9ff4b74b0aafc89f538421250b,,LOCAL,/Users/vanalmsick/Workspace/MasterThesis/app/e_analyses/_TF_Baseline.py,vanalmsick,FINISHED,None,None,None,1,1e-07,0,0.001,10,0,val_loss,0,Adam,25,True,None,True,None,False,None,1,0.0,None,1,0.13959205150604248,0.33991074562072754,0.34130194783210754,1171728.5,0.6897327899932861,0.33895015716552734,0.061983585357666016,0,0.5071730017662048,0.1600830852985382,0.3517996370792389,0.3517996370792389,1354925.5,0.698924720287323,0.39095768332481384,0.06157774478197098,0.5118279457092285
a897b1e464144008a7b1e442825cda12,,LOCAL,/Users/vanalmsick/Workspace/MasterThesis/app/e_analyses/_TF_Baseline.py,vanalmsick,FINISHED,None,None,None,1,1e-07,0,0.001,10,0,val_loss,0,Adam,25,True,None,True,None,False,None,1,0.0,None,1,0.13965073227882385,0.34000682830810547,0.3417397439479828,156803.8125,0.5428973436355591,0.3389154374599457,0.0641886442899704,0,0.5071730017662048,0.16002145409584045,0.35193800926208496,0.35193800926208496,86.45161437988281,0.5720430016517639,0.3904741704463959,0.06394048780202866,0.5118279457092285
e77117b290164c5ba48a2cca785f4aed,,LOCAL,/Users/vanalmsick/Workspace/MasterThesis/app/e_analyses/_TF_Baseline.py,vanalmsick,FINISHED,None,None,None,1,1e-07,0,0.001,10,0,val_loss,0,Adam,25,True,None,True,None,False,None,1,0.0,None,1,0.13980121910572052,0.3428559899330139,0.34463590383529663,1485164.875,0.5428973436355591,0.3390806317329407,0.0641886442899704,0,0.5071730017662048,0.16004978120326996,0.35498833656311035,0.35498833656311035,1354930.875,0.5720430016517639,0.3901907205581665,0.06394048780202866,0.5118279457092285
5d23e61957044f2297fa4c84a58ae91f,,LOCAL,/Users/vanalmsick/Workspace/MasterThesis/app/e_analyses/_TF_Baseline.py,vanalmsick,FINISHED,None,None,None,1,1e-07,0,0.001,10,0,val_loss,0,Adam,25,True,None,True,None,False,None,1,0.0,None,1,0.14004354178905487,0.34587761759757996,0.3477115035057068,2813529,0.5428973436355591,0.33944588899612427,0.0641886442899704,0,0.5071730017662048,0.16016803681850433,0.358243465423584,0.358243465423584,2709778.25,0.5720430016517639,0.3901072144508362,0.06394048780202866,0.5118279457092285
edf072f12195441697c05ca105bf6ec0,,LOCAL,/Users/vanalmsick/Workspace/MasterThesis/app/e_analyses/_TF_Baseline.py,vanalmsick,FINISHED,None,None,None,1,1e-07,0,0.001,10,0,val_loss,0,Adam,25,True,None,True,None,False,None,1,0.0,None,1,0.14037755131721497,0.34915241599082947,0.3510342538356781,4141893.5,0.5428973436355591,0.34001123905181885,0.0641886442899704,0,0.5071730017662048,0.1603761464357376,0.36173197627067566,0.36173197627067566,4064626.5,0.5720430016517639,0.39022380113601685,0.06394048780202866,0.5118279457092285
f1705ad55d17428eb9b707f41751109c,,LOCAL,/Users/vanalmsick/Workspace/MasterThesis/app/e_analyses/_TF_Baseline.py,vanalmsick,FINISHED,None,None,None,1,1e-07,0,0.001,10,0,val_loss,0,Adam,25,True,None,True,None,False,None,1,0.0,None,1,0.14080315828323364,0.3526146411895752,0.354550302028656,5470259,0.5428973436355591,0.3407764434814453,0.0641886442899704,0,0.5071730017662048,0.16067419946193695,0.36542123556137085,0.36542123556137085,5419475,0.5720430016517639,0.39054033160209656,0.06394048780202866,0.5118279457092285
604b44460b2846e193371490903fca5e,,LOCAL,/Users/vanalmsick/Workspace/MasterThesis/app/e_analyses/_TF_Baseline.py,vanalmsick,FINISHED,None,None,None,1,1e-07,0,0.001,10,0,val_loss,0,Adam,25,True,None,True,None,False,None,1,0.0,None,1,0.14132054150104523,0.3562942147254944,0.35828298330307007,6798625.5,0.5428973436355591,0.341741681098938,0.0641886442899704,0,0.5071730017662048,0.1610620766878128,0.3693487346172333,0.3693487346172333,6774325,0.5720430016517639,0.3910568654537201,0.06394048780202866,0.5118279457092285
ad6d307b1c0b4644b1632d7ebab1be99,,LOCAL,/Users/vanalmsick/Workspace/MasterThesis/app/e_analyses/_TF_Baseline.py,vanalmsick,FINISHED,None,None,None,1,1e-07,0,0.001,10,0,val_loss,0,Adam,25,True,None,True,None,False,None,1,0.0,None,1,0.1419297158718109,0.3602032959461212,0.3622444272041321,8126992,0.3603375554084778,0.34290701150894165,0.0641886442899704,0,0.5071730017662048,0.1615399420261383,0.37348729372024536,0.37348729372024536,8129175.5,0.35268816351890564,0.39177340269088745,0.06394048780202866,0.5118279457092285
e585eebeb94a4905bb1c06616ae72747,,LOCAL,/Users/vanalmsick/Workspace/MasterThesis/app/e_analyses/_TF_Baseline.py,vanalmsick,FINISHED,None,None,None,1,1e-07,0,0.001,10,0,val_loss,0,Adam,25,True,None,True,None,False,None,1,0.0,None,1,0.14263054728507996,0.3642537295818329,0.36635035276412964,9455357,0.3603375554084778,0.344272255897522,0.0641886442899704,0,0.5071730017662048,0.16210782527923584,0.37784942984580994,0.37784942984580994,9484026,0.35268816351890564,0.39268994331359863,0.06394048780202866,0.5118279457092285
cea4e53fe2954103a004b538154c04ee,,LOCAL,/Users/vanalmsick/Workspace/MasterThesis/app/e_analyses/_TF_Baseline.py,vanalmsick,FINISHED,None,None,None,1,1e-07,0,0.001,10,0,val_loss,0,Adam,25,True,None,True,None,False,None,1,0.0,None,1,0.1434229612350464,0.36844581365585327,0.37060877680778503,10783724,0.3603375554084778,0.3458375036716461,0.0641886442899704,0,0.5071730017662048,0.16276560723781586,0.38237929344177246,0.38237929344177246,10838876,0.35268816351890564,0.393806517124176,0.06394048780202866,0.5118279457092285
b462b47030ae480bb1fff530f3aa6e86,,LOCAL,/Users/vanalmsick/Workspace/MasterThesis/app/e_analyses/_TF_Baseline.py,vanalmsick,FINISHED,None,None,None,1,1e-07,0,0.001,10,0,val_loss,0,Adam,25,True,None,True,None,False,None,1,0.0,None,1,0.14430704712867737,0.3727888762950897,0.37502723932266235,12112090,0.3603375554084778,0.3476026654243469,0.0641886442899704,0,0.5071730017662048,0.16351324319839478,0.3871449828147888,0.3871449828147888,12193727,0.35268816351890564,0.3951230049133301,0.06394048780202866,0.5118279457092285
cef1e975e53b49de9055c95718470f24,,LOCAL,/Users/vanalmsick/Workspace/MasterThesis/app/e_analyses/_TF_Baseline.py,vanalmsick,FINISHED,None,None,None,1,1e-07,0,0.001,10,0,val_loss,0,Adam,25,True,None,True,None,False,None,1,0.0,None,1,0.14528284966945648,0.37732812762260437,0.3755931258201599,12929273,0.3603375554084778,0.3485163450241089,0.06339181959629059,0,0.5071730017662048,0.16435079276561737,0.3921399712562561,0.3921399712562561,13548579,0.35268816351890564,0.39663952589035034,0.06394048780202866,0.5118279457092285
289d3e367ce84e29aa70a4ad9d11d428,,LOCAL,/Users/vanalmsick/Workspace/MasterThesis/app/e_analyses/_TF_Baseline.py,vanalmsick,FINISHED,None,None,None,1,1e-07,0,0.001,10,0,val_loss,0,Adam,25,True,None,True,None,False,None,1,0.0,None,1,0.17358285188674927,0.3968104124069214,0.3954504132270813,9830241,0.6120956540107727,0.4158491790294647,0.06896069645881653,0,0.5071730017662048,0.17168116569519043,0.37336465716362,0.37336465716362,6896873,0.6387096643447876,0.4203087389469147,0.062203582376241684,0.5118279457092285
a745175fecd94712900f4de8863bab68,,LOCAL,/Users/vanalmsick/Workspace/MasterThesis/app/e_analyses/_TF_Baseline.py,vanalmsick,FINISHED,None,None,None,1,1e-07,0,0.001,10,0,val_loss,0,Adam,25,True,None,True,None,False,None,1,0.0,None,1,0.17810656130313873,0.4003910422325134,0.400156170129776,9483068,0.6222222447395325,0.43152135610580444,0.07134689390659332,0,0.5071730017662048,0.17659002542495728,0.38505300879478455,0.38505300879478455,9615984,0.6301075220108032,0.4309321641921997,0.0657891184091568,0.5118279457092285
22d59d5019c740b09d4345d81cc4382f,,LOCAL,/Users/vanalmsick/Workspace/MasterThesis/app/e_analyses/_TF_Baseline.py,vanalmsick,FINISHED,None,None,None,1,1e-07,0,0.001,10,0,val_loss,0,Adam,25,True,None,True,None,False,None,1,0.0,None,1,0.19306336343288422,0.41740959882736206,0.4202701151371002,10310049,0.6140646934509277,0.4939720332622528,0.07856961339712143,0,0.5071730017662048,0.18400396406650543,0.3983605206012726,0.3983605206012726,7494454,0.6301075220108032,0.4646294116973877,0.07238222658634186,0.5118279457092285
0651abc99cb847e695de80f674099a03,,LOCAL,/Users/vanalmsick/Workspace/MasterThesis/app/e_analyses/_TF_Baseline.py,vanalmsick,FINISHED,None,None,None,1,1e-07,0,0.001,10,0,val_loss,0,Adam,25,True,None,True,None,False,None,1,0.0,None,1,0.231697678565979,0.4589399993419647,0.45720174908638,12452685,0.6196905970573425,0.6180861592292786,0.09273754805326462,0,0.5071730017662048,0.22571417689323425,0.4421391785144806,0.4421391785144806,5638973.5,0.625806450843811,0.6283198595046997,0.08856986463069916,0.5118279457092285
924249c9ff1c4f4f97f55c215f824ddb,,LOCAL,/Users/vanalmsick/Workspace/MasterThesis/app/e_analyses/_TF_Baseline.py,vanalmsick,FINISHED,None,None,None,1,1e-07,0,0.001,10,0,val_loss,0,Adam,25,True,None,True,None,False,None,1,0.0,None,1,0.231697678565979,0.4589399993419647,0.44656288623809814,10973256,0.6196905970573425,0.5918383002281189,0.08989943563938141,0,0.5071730017662048,0.22571417689323425,0.4421391785144806,0.4421391785144806,5638973.5,0.625806450843811,0.6283198595046997,0.08856986463069916,0.5118279457092285
a4458c842139499c82de692e3708c9f2,,LOCAL,/Users/vanalmsick/Workspace/MasterThesis/app/e_analyses/_TF_Baseline.py,vanalmsick,FINISHED,None,None,None,1,1e-07,0,0.001,10,0,val_loss,0,Adam,25,True,None,True,None,False,None,1,0.0,None,1,0.1396608203649521,0.34138286113739014,0.34105467796325684,1417787.125,0.5260339379310608,0.33178311586380005,0.06487387418746948,0,0.5215709805488586,0.13015314936637878,0.3219725787639618,0.3219725787639618,86.60713958740234,0.59375,0.29597800970077515,0.04558047279715538,0.4620535671710968
9c1545b7ceb34f76883cc7f9edf113c4,,LOCAL,/Users/vanalmsick/Workspace/MasterThesis/app/e_analyses/_TF_Baseline.py,vanalmsick,FINISHED,None,None,None,1,1e-07,0,0.001,10,0,val_loss,0,Adam,25,True,None,True,None,False,None,1,0.0,None,1,0.14095818996429443,0.3458346426486969,0.34463998675346375,11703978,0.5215709805488586,0.33464527130126953,0.050508517771959305,0,0.5215709805488586,0.13807280361652374,0.3385925889015198,0.3385925889015198,12053704,0.4620535671710968,0.31496238708496094,0.035530079156160355,0.4620535671710968
3e2ba019821440e58f808ad379d65399,,LOCAL,/Users/vanalmsick/Workspace/MasterThesis/app/e_analyses/_TF_Baseline.py,vanalmsick,FINISHED,None,None,None,1,1e-07,0,0.001,10,0,val_loss,0,Adam,25,True,None,True,None,False,None,1,0.0,None,1,0.1404457539319992,0.3442828357219696,0.3429540693759918,10386042,0.5215709805488586,0.33326467871665955,0.0514872670173645,0,0.5215709805488586,0.13682802021503448,0.3356775939464569,0.3356775939464569,10714411,0.4620535671710968,0.31205299496650696,0.03589564189314842,0.4620535671710968
511f140249634718baaab1073b1c92ec,,LOCAL,/Users/vanalmsick/Workspace/MasterThesis/app/e_analyses/_TF_Baseline.py,vanalmsick,FINISHED,None,None,None,1,1e-07,0,0.001,10,0,val_loss,0,Adam,25,True,None,True,None,False,None,1,0.0,None,1,0.14002525806427002,0.3430168926715851,0.3415543735027313,9068106,0.5215709805488586,0.332084059715271,0.05264773592352867,0,0.5215709805488586,0.13567425310611725,0.3329852521419525,0.3329852521419525,9375117,0.4620535671710968,0.3093436062335968,0.03643687441945076,0.4620535671710968
79b527405fcb4d9f979183dd9f5f235e,,LOCAL,/Users/vanalmsick/Workspace/MasterThesis/app/e_analyses/_TF_Baseline.py,vanalmsick,FINISHED,None,None,None,1,1e-07,0,0.001,10,0,val_loss,0,Adam,25,True,None,True,None,False,None,1,0.0,None,1,0.13969671726226807,0.3419687747955322,0.3403817117214203,7750172,0.5215709805488586,0.33110350370407104,0.0539950355887413,0,0.5215709805488586,0.1346116065979004,0.33058229088783264,0.33058229088783264,8035825,0.4620535671710968,0.30683425068855286,0.03715871647000313,0.4620535671710968
01cd2939102c42a2b5b5353150283c6a,,LOCAL,/Users/vanalmsick/Workspace/MasterThesis/app/e_analyses/_TF_Baseline.py,vanalmsick,FINISHED,None,None,None,1,1e-07,0,0.001,10,0,val_loss,0,Adam,25,True,None,True,None,False,None,1,0.0,None,1,0.13946031033992767,0.3412858247756958,0.33956894278526306,6432235,0.702469527721405,0.330322802066803,0.05553438141942024,0,0.5215709805488586,0.13364025950431824,0.3284752666950226,0.3284752666950226,6696533,0.6495535969734192,0.30452489852905273,0.03806624189019203,0.4620535671710968
fec9e6c37c674ef9abc7c5b7e6f88cd5,,LOCAL,/Users/vanalmsick/Workspace/MasterThesis/app/e_analyses/_TF_Baseline.py,vanalmsick,FINISHED,None,None,None,1,1e-07,0,0.001,10,0,val_loss,0,Adam,25,True,None,True,None,False,None,1,0.0,None,1,0.13931606709957123,0.34090158343315125,0.33904483914375305,5114299,0.702469527721405,0.3297421634197235,0.05727117881178856,0,0.5215709805488586,0.1327601969242096,0.3266884386539459,0.3266884386539459,5357242.5,0.6495535969734192,0.30241551995277405,0.03916472941637039,0.4620535671710968
5e3d72f2c85c4bafafb7b0cc8dc729b1,,LOCAL,/Users/vanalmsick/Workspace/MasterThesis/app/e_analyses/_TF_Baseline.py,vanalmsick,FINISHED,None,None,None,1,1e-07,0,0.001,10,0,val_loss,0,Adam,25,True,None,True,None,False,None,1,0.0,None,1,0.1392640769481659,0.34074920415878296,0.3387575149536133,3796363,0.702469527721405,0.32936155796051025,0.05921095609664917,0,0.5215709805488586,0.13197140395641327,0.32511499524116516,0.32511499524116516,4017950.75,0.6495535969734192,0.3005061149597168,0.04045964032411575,0.4620535671710968
8ef9482c11f54bc296deb2032d199fa7,,LOCAL,/Users/vanalmsick/Workspace/MasterThesis/app/e_analyses/_TF_Baseline.py,vanalmsick,FINISHED,None,None,None,1,1e-07,0,0.001,10,0,val_loss,0,Adam,25,True,None,True,None,False,None,1,0.0,None,1,0.1393042504787445,0.34079501032829285,0.3386746942996979,2478429.5,0.702469527721405,0.3291809558868408,0.06135959178209305,0,0.5215709805488586,0.13127395510673523,0.32381561398506165,0.32381561398506165,2678661.25,0.6495535969734192,0.29879674315452576,0.04195663705468178,0.4620535671710968
9c6380b773384b188ab8350bc6691cf6,,LOCAL,/Users/vanalmsick/Workspace/MasterThesis/app/e_analyses/_TF_Baseline.py,vanalmsick,FINISHED,None,None,None,1,1e-07,0,0.001,10,0,val_loss,0,Adam,25,True,None,True,None,False,None,1,0.0,None,1,0.13943645358085632,0.3409986197948456,0.3387608528137207,1160496.375,0.702469527721405,0.32920029759407043,0.0637231394648552,0,0.5215709805488586,0.1306677758693695,0.32276788353919983,0.32276788353919983,1339372.75,0.6495535969734192,0.29728737473487854,0.04366156458854675,0.4620535671710968
1d6be9e4daa8442ab5d840119f48b34a,,LOCAL,/Users/vanalmsick/Workspace/MasterThesis/app/e_analyses/_TF_Baseline.py,vanalmsick,FINISHED,None,None,None,1,1e-07,0,0.001,10,0,val_loss,0,Adam,25,True,None,True,None,False,None,1,0.0,None,1,0.1396608203649521,0.34138286113739014,0.3393377363681793,157608.796875,0.5260339379310608,0.32941973209381104,0.06605596840381622,0,0.5215709805488586,0.13015314936637878,0.3219725787639618,0.3219725787639618,86.60713958740234,0.59375,0.29597800970077515,0.04558047279715538,0.4620535671710968
578a4acab4984467bc699bfeba67a990,,LOCAL,/Users/vanalmsick/Workspace/MasterThesis/app/e_analyses/_TF_Baseline.py,vanalmsick,FINISHED,None,None,None,1,1e-07,0,0.001,10,0,val_loss,0,Adam,25,True,None,True,None,False,None,1,0.0,None,1,0.1399770826101303,0.3444940447807312,0.34234198927879333,1475542.375,0.5260339379310608,0.3298390805721283,0.06605596840381622,0,0.5215709805488586,0.1297302395105362,0.32399478554725647,0.32399478554725647,1339375,0.59375,0.2948686182498932,0.04558047279715538,0.4620535671710968
9135cea812e945ecb6c5b2f47dc63c19,,LOCAL,/Users/vanalmsick/Workspace/MasterThesis/app/e_analyses/_TF_Baseline.py,vanalmsick,FINISHED,None,None,None,1,1e-07,0,0.001,10,0,val_loss,0,Adam,25,True,None,True,None,False,None,1,0.0,None,1,0.14038528501987457,0.347781777381897,0.34551844000816345,2793478.5,0.5260339379310608,0.33045852184295654,0.06605596840381622,0,0.5215709805488586,0.12939909100532532,0.32619673013687134,0.32619673013687134,2678666.25,0.59375,0.29395923018455505,0.04558047279715538,0.4620535671710968
e92d329d3655488fa6c93576aa301ae1,,LOCAL,/Users/vanalmsick/Workspace/MasterThesis/app/e_analyses/_TF_Baseline.py,vanalmsick,FINISHED,None,None,None,1,1e-07,0,0.001,10,0,val_loss,0,Adam,25,True,None,True,None,False,None,1,0.0,None,1,0.14088530838489532,0.3513416647911072,0.34897300601005554,4111416.75,0.5260339379310608,0.331277996301651,0.06605596840381622,0,0.5215709805488586,0.12915965914726257,0.32853832840919495,0.32853832840919495,4017957.75,0.59375,0.29324987530708313,0.04558047279715538,0.4620535671710968
ea8f57c446554781a54e2c418e6805c4,,LOCAL,/Users/vanalmsick/Workspace/MasterThesis/app/e_analyses/_TF_Baseline.py,vanalmsick,FINISHED,None,None,None,1,1e-07,0,0.001,10,0,val_loss,0,Adam,25,True,None,True,None,False,None,1,0.0,None,1,0.1414770931005478,0.35506880283355713,0.35259735584259033,5429354.5,0.5260339379310608,0.3322973847389221,0.06605596840381622,0,0.5215709805488586,0.12901198863983154,0.3312026858329773,0.3312026858329773,5357251.5,0.59375,0.29274052381515503,0.04558047279715538,0.4620535671710968
85be7bba83b94dccab3d38c991d826e8,,LOCAL,/Users/vanalmsick/Workspace/MasterThesis/app/e_analyses/_TF_Baseline.py,vanalmsick,FINISHED,None,None,None,1,1e-07,0,0.001,10,0,val_loss,0,Adam,25,True,None,True,None,False,None,1,0.0,None,1,0.14216072857379913,0.35900765657424927,0.3564375340938568,6747293.5,0.5260339379310608,0.3335167467594147,0.06605596840381622,0,0.5215709805488586,0.12895604968070984,0.33405596017837524,0.33405596017837524,6696544,0.59375,0.292431116104126,0.04558047279715538,0.4620535671710968
4fadbd63fdb44ee987acc0fa5bda623d,,LOCAL,/Users/vanalmsick/Workspace/MasterThesis/app/e_analyses/_TF_Baseline.py,vanalmsick,FINISHED,None,None,None,1,1e-07,0,0.001,10,0,val_loss,0,Adam,25,True,None,True,None,False,None,1,0.0,None,1,0.14293624460697174,0.3631691038608551,0.3604890704154968,8065231,0.34692054986953735,0.3349362015724182,0.06605596840381622,0,0.5215709805488586,0.12899188697338104,0.33715566992759705,0.33715566992759705,8035839,0.4040178656578064,0.29232174158096313,0.04558047279715538,0.4620535671710968
e044229af8aa4230a79deb789d284caf,,LOCAL,/Users/vanalmsick/Workspace/MasterThesis/app/e_analyses/_TF_Baseline.py,vanalmsick,FINISHED,None,None,None,1,1e-07,0,0.001,10,0,val_loss,0,Adam,25,True,None,True,None,False,None,1,0.0,None,1,0.1438034474849701,0.36746349930763245,0.3646904528141022,9383169,0.34692054986953735,0.3365556001663208,0.06605596840381622,0,0.5215709805488586,0.1291196644306183,0.34038299322128296,0.34038299322128296,9375132,0.4040178656578064,0.29241234064102173,0.04558047279715538,0.4620535671710968
0c6567c68b4c4c2c8dbb309b343bfcf2,,LOCAL,/Users/vanalmsick/Workspace/MasterThesis/app/e_analyses/_TF_Baseline.py,vanalmsick,FINISHED,None,None,None,1,1e-07,0,0.001,10,0,val_loss,0,Adam,25,True,None,True,None,False,None,1,0.0,None,1,0.1447622925043106,0.3718792200088501,0.36902299523353577,10701109,0.34692054986953735,0.3383750021457672,0.06605596840381622,0,0.5215709805488586,0.1293395310640335,0.3438866436481476,0.3438866436481476,10714427,0.4040178656578064,0.2927030026912689,0.04558047279715538,0.4620535671710968
325771cfd382441eb10300bbaaf20050,,LOCAL,/Users/vanalmsick/Workspace/MasterThesis/app/e_analyses/_TF_Baseline.py,vanalmsick,FINISHED,None,None,None,1,1e-07,0,0.001,10,0,val_loss,0,Adam,25,True,None,True,None,False,None,1,0.0,None,1,0.1458127498626709,0.3764347434043884,0.37350958585739136,12019048,0.34692054986953735,0.3403943181037903,0.06605596840381622,0,0.5215709805488586,0.12965154647827148,0.3475949466228485,0.3475949466228485,12053721,0.4040178656578064,0.29319360852241516,0.04558047279715538,0.4620535671710968
c015df7b192440a39a3bdc1eab966d52,,LOCAL,/Users/vanalmsick/Workspace/MasterThesis/app/e_analyses/_TF_Baseline.py,vanalmsick,FINISHED,None,None,None,1,1e-07,0,0.001,10,0,val_loss,0,Adam,25,True,None,True,None,False,None,1,0.0,None,1,0.14695490896701813,0.3811849057674408,0.38199082016944885,12757556,0.34692054986953735,0.35943803191185,0.06851378828287125,0,0.5215709805488586,0.13005580008029938,0.3515644967556,0.3515644967556,13393017,0.4040178656578064,0.29388427734375,0.04558047279715538,0.4620535671710968
4ad0875f18c841a49027d165dc14213f,,LOCAL,/Users/vanalmsick/Workspace/MasterThesis/app/e_analyses/_TF_Baseline.py,vanalmsick,FINISHED,None,None,None,1,1e-07,0,0.001,10,0,val_loss,0,Adam,25,True,None,True,None,False,None,1,0.0,None,1,0.1763886958360672,0.40065470337867737,0.39749011397361755,10335179,0.6173757910728455,0.41664910316467285,0.07133528590202332,0,0.5215709805488586,0.15871961414813995,0.37761324644088745,0.37761324644088745,11848002,0.6004464030265808,0.35746368765830994,0.05652765557169914,0.4620535671710968
519cfac4c10f4104babe36cd78a2e274,,LOCAL,/Users/vanalmsick/Workspace/MasterThesis/app/e_analyses/_TF_Baseline.py,vanalmsick,FINISHED,None,None,None,1,1e-07,0,0.001,10,0,val_loss,0,Adam,25,True,None,True,None,False,None,1,0.0,None,1,0.18232843279838562,0.4071557819843292,0.405345618724823,11181609,0.6254091262817383,0.43784910440444946,0.07401425391435623,0,0.5215709805488586,0.15902867913246155,0.3737483620643616,0.3737483620643616,12985769,0.6160714030265808,0.354022353887558,0.060363080352544785,0.4620535671710968
829e2b6512544c61b07e087683f0b4e0,,LOCAL,/Users/vanalmsick/Workspace/MasterThesis/app/e_analyses/_TF_Baseline.py,vanalmsick,FINISHED,None,None,None,1,1e-07,0,0.001,10,0,val_loss,0,Adam,25,True,None,True,None,False,None,1,0.0,None,1,0.19628283381462097,0.42194223403930664,0.42112112045288086,10865852,0.6227313280105591,0.49133139848709106,0.07935810089111328,0,0.5215709805488586,0.17397630214691162,0.39176517724990845,0.39176517724990845,21069326,0.5915178656578064,0.39895886182785034,0.06637676805257797,0.4620535671710968
060b11da2be2464eb221ef704595bffc,,LOCAL,/Users/vanalmsick/Workspace/MasterThesis/app/e_analyses/_TF_Baseline.py,vanalmsick,FINISHED,None,None,None,1,1e-07,0,0.001,10,0,val_loss,0,Adam,25,True,None,True,None,False,None,1,0.0,None,1,0.24043609201908112,0.47010350227355957,0.46743008494377136,11131822,0.6268967390060425,0.6525887250900269,0.09735091030597687,0,0.5215709805488586,0.19505691528320312,0.4149608314037323,0.4149608314037323,18588168,0.6026785969734192,0.4882398247718811,0.07317965477705002,0.4620535671710968
16683fb3b9204bb5820fa01e07e59db6,,LOCAL,/Users/vanalmsick/Workspace/MasterThesis/app/e_analyses/_TF_Baseline.py,vanalmsick,FINISHED,None,None,None,1,1e-07,0,0.001,10,0,val_loss,0,Adam,25,True,None,True,None,False,None,1,0.0,None,1,0.24043609201908112,0.47010350227355957,0.45277443528175354,10629317,0.6268967390060425,0.6117714643478394,0.09190642088651657,0,0.5215709805488586,0.19505691528320312,0.4149608314037323,0.4149608314037323,18588168,0.6026785969734192,0.4882398247718811,0.07317965477705002,0.4620535671710968
0932b8e680c9421c8b3b027c6b8c2630,,LOCAL,/Users/vanalmsick/Workspace/MasterThesis/app/e_analyses/_TF_Baseline.py,vanalmsick,FINISHED,None,None,None,1,1e-07,0,0.001,10,0,val_loss,0,Adam,25,True,None,True,None,False,None,1,0.0,None,1,0.14639292657375336,0.3543950021266937,0.34504255652427673,2646747,0.7048611044883728,0.33756890892982483,0.06673534959554672,0,0.526830792427063,0.10100167989730835,0.26848092675209045,0.26848092675209045,1375380.5,0.7412587404251099,0.24715010821819305,0.044076669961214066,0.5244755148887634
ea3e3a24eb0748dd805f8b8b045f96cb,,LOCAL,/Users/vanalmsick/Workspace/MasterThesis/app/e_analyses/_TF_Baseline.py,vanalmsick,FINISHED,None,None,None,1,1e-07,0,0.001,10,0,val_loss,0,Adam,25,True,None,True,None,False,None,1,0.0,None,1,0.14731228351593018,0.35773494839668274,0.3477656841278076,11846099,0.526830792427063,0.33977529406547546,0.05372637137770653,0,0.526830792427063,0.10340894758701324,0.27597811818122864,0.27597811818122864,12377799,0.5244755148887634,0.2534474730491638,0.034683920443058014,0.5244755148887634
1adad2364774408584664dca4fc5ffef,,LOCAL,/Users/vanalmsick/Workspace/MasterThesis/app/e_analyses/_TF_Baseline.py,vanalmsick,FINISHED,None,None,None,1,1e-07,0,0.001,10,0,val_loss,0,Adam,25,True,None,True,None,False,None,1,0.0,None,1,0.1468765139579773,0.35640186071395874,0.3464101254940033,10511650,0.526830792427063,0.33870741724967957,0.05484570935368538,0,0.526830792427063,0.10277678072452545,0.2741466462612152,0.2741466462612152,11002495,0.5244755148887634,0.25196030735969543,0.03520198538899422,0.5244755148887634
69d7eb24efd6469fb945b98efdd75ea1,,LOCAL,/Users/vanalmsick/Workspace/MasterThesis/app/e_analyses/_TF_Baseline.py,vanalmsick,FINISHED,None,None,None,1,1e-07,0,0.001,10,0,val_loss,0,Adam,25,True,None,True,None,False,None,1,0.0,None,1,0.14653229713439941,0.3553386330604553,0.3453197777271271,9177201,0.526830792427063,0.3378393352031708,0.05614810436964035,0,0.526830792427063,0.10223923623561859,0.27262499928474426,0.27262499928474426,9627190,0.5244755148887634,0.2506731152534485,0.03589713200926781,0.5244755148887634
83d4a4601dae4843b1d84031608c843c,,LOCAL,/Users/vanalmsick/Workspace/MasterThesis/app/e_analyses/_TF_Baseline.py,vanalmsick,FINISHED,None,None,None,1,1e-07,0,0.001,10,0,val_loss,0,Adam,25,True,None,True,None,False,None,1,0.0,None,1,0.14627963304519653,0.3544788658618927,0.34442996978759766,7842750,0.526830792427063,0.33717140555381775,0.057638656347990036,0,0.526830792427063,0.10179638117551804,0.2713344991207123,0.2713344991207123,8251888,0.5244755148887634,0.24958595633506775,0.03677433729171753,0.5244755148887634
71d615efa96740449196fd8bbfa65571,,LOCAL,/Users/vanalmsick/Workspace/MasterThesis/app/e_analyses/_TF_Baseline.py,vanalmsick,FINISHED,None,None,None,1,1e-07,0,0.001,10,0,val_loss,0,Adam,25,True,None,True,None,False,None,1,0.0,None,1,0.14611873030662537,0.3539925813674927,0.34390294551849365,6508299,0.7048611044883728,0.336703360080719,0.059322625398635864,0,0.526830792427063,0.1014481633901596,0.27022284269332886,0.27022284269332886,6876585,0.7412587404251099,0.24869880080223083,0.03783870115876198,0.5244755148887634
e437cc8d785b4a2c9ee9335068f7b7bd,,LOCAL,/Users/vanalmsick/Workspace/MasterThesis/app/e_analyses/_TF_Baseline.py,vanalmsick,FINISHED,None,None,None,1,1e-07,0,0.001,10,0,val_loss,0,Adam,25,True,None,True,None,False,None,1,0.0,None,1,0.1460495889186859,0.35380175709724426,0.34366726875305176,5173850.5,0.7048611044883728,0.33643534779548645,0.06120545044541359,0,0.526830792427063,0.1011945828795433,0.26939505338668823,0.26939505338668823,5501282.5,0.7412587404251099,0.24801164865493774,0.039095520973205566,0.5244755148887634
05b5f88e0f7c4130b25b390744f15cbf,,LOCAL,/Users/vanalmsick/Workspace/MasterThesis/app/e_analyses/_TF_Baseline.py,vanalmsick,FINISHED,None,None,None,1,1e-07,0,0.001,10,0,val_loss,0,Adam,25,True,None,True,None,False,None,1,0.0,None,1,0.14607228338718414,0.3538282811641693,0.3436584770679474,3839400.5,0.7048611044883728,0.3363673985004425,0.06329265981912613,0,0.526830792427063,0.10103563964366913,0.2688279449939728,0.2688279449939728,4125981,0.7412587404251099,0.2475244551897049,0.04055030643939972,0.5244755148887634
18ba4e1608414b16a782d5c5748b51b3,,LOCAL,/Users/vanalmsick/Workspace/MasterThesis/app/e_analyses/_TF_Baseline.py,vanalmsick,FINISHED,None,None,None,1,1e-07,0,0.001,10,0,val_loss,0,Adam,25,True,None,True,None,False,None,1,0.0,None,1,0.14618676900863647,0.3540322780609131,0.3438289165496826,2504952.5,0.7048611044883728,0.33649927377700806,0.06559017300605774,0,0.526830792427063,0.10097134113311768,0.26855841279029846,0.26855841279029846,2750680,0.7412587404251099,0.24723725020885468,0.042208727449178696,0.5244755148887634
2c789d10fc054c8387e387a8a5f3a376,,LOCAL,/Users/vanalmsick/Workspace/MasterThesis/app/e_analyses/_TF_Baseline.py,vanalmsick,FINISHED,None,None,None,1,1e-07,0,0.001,10,0,val_loss,0,Adam,25,True,None,True,None,False,None,1,0.0,None,1,0.14639292657375336,0.3543950021266937,0.3441886603832245,1170506,0.7048611044883728,0.33683130145072937,0.068104088306427,0,0.526830792427063,0.10100167989730835,0.26848092675209045,0.26848092675209045,1375380.5,0.7412587404251099,0.24715010821819305,0.044076669961214066,0.5244755148887634
bc3fd567341c4dc685d60b2da7b933d4,,LOCAL,/Users/vanalmsick/Workspace/MasterThesis/app/e_analyses/_TF_Baseline.py,vanalmsick,FINISHED,None,None,None,1,1e-07,0,0.001,10,0,val_loss,0,Adam,25,True,None,True,None,False,None,1,0.0,None,1,0.14669084548950195,0.3548985421657562,0.3450351059436798,164112.875,0.5160984992980957,0.3373633921146393,0.07056540250778198,0,0.526830792427063,0.10112664848566055,0.268818736076355,0.268818736076355,86.24708557128906,0.5477855205535889,0.24726295471191406,0.04616021737456322,0.5244755148887634
1d8cb2e8a9c44cbf8f67214c32fc135f,,LOCAL,/Users/vanalmsick/Workspace/MasterThesis/app/e_analyses/_TF_Baseline.py,vanalmsick,FINISHED,None,None,None,1,1e-07,0,0.001,10,0,val_loss,0,Adam,25,True,None,True,None,False,None,1,0.0,None,1,0.14708027243614197,0.35812807083129883,0.3483220636844635,1498560.625,0.5160984992980957,0.3380953371524811,0.07056540250778198,0,0.526830792427063,0.10134626924991608,0.2721974551677704,0.2721974551677704,1375383,0.5477855205535889,0.2475757896900177,0.04616021737456322,0.5244755148887634
fa16502880b44c58a75b3d9e4659b22e,,LOCAL,/Users/vanalmsick/Workspace/MasterThesis/app/e_analyses/_TF_Baseline.py,vanalmsick,FINISHED,None,None,None,1,1e-07,0,0.001,10,0,val_loss,0,Adam,25,True,None,True,None,False,None,1,0.0,None,1,0.1475612223148346,0.36151283979415894,0.35180386900901794,2833010.75,0.5160984992980957,0.33902740478515625,0.07056540250778198,0,0.526830792427063,0.1016605943441391,0.27590852975845337,0.27590852975845337,2750684,0.5477855205535889,0.24808862805366516,0.04616021737456322,0.5244755148887634
0d25599956234f82bc2fe20809cb8c01,,LOCAL,/Users/vanalmsick/Workspace/MasterThesis/app/e_analyses/_TF_Baseline.py,vanalmsick,FINISHED,None,None,None,1,1e-07,0,0.001,10,0,val_loss,0,Adam,25,True,None,True,None,False,None,1,0.0,None,1,0.1481335610151291,0.3651321828365326,0.35552817583084106,4167463,0.5160984992980957,0.34015947580337524,0.07056540250778198,0,0.526830792427063,0.10206978023052216,0.2801066040992737,0.2801066040992737,4125987.75,0.5477855205535889,0.24880142509937286,0.04616021737456322,0.5244755148887634
64ae4e13b2d04aab9ec6a4e94df481b3,,LOCAL,/Users/vanalmsick/Workspace/MasterThesis/app/e_analyses/_TF_Baseline.py,vanalmsick,FINISHED,None,None,None,1,1e-07,0,0.001,10,0,val_loss,0,Adam,25,True,None,True,None,False,None,1,0.0,None,1,0.1487971991300583,0.36891019344329834,0.3594183325767517,5501914.5,0.5160984992980957,0.3414914011955261,0.07056540250778198,0,0.526830792427063,0.10257384926080704,0.28460612893104553,0.28460612893104553,5501292.5,0.5477855205535889,0.24971425533294678,0.04616021737456322,0.5244755148887634
2b6eea8553f44b9bb0e529d0e98554fe,,LOCAL,/Users/vanalmsick/Workspace/MasterThesis/app/e_analyses/_TF_Baseline.py,vanalmsick,FINISHED,None,None,None,1,1e-07,0,0.001,10,0,val_loss,0,Adam,25,True,None,True,None,False,None,1,0.0,None,1,0.14955222606658936,0.3728988468647003,0.3635295629501343,6836367.5,0.5160984992980957,0.343023419380188,0.07056540250778198,0,0.526830792427063,0.10317280143499374,0.289324551820755,0.289324551820755,6876598,0.5477855205535889,0.2508271038532257,0.04616021737456322,0.5244755148887634
d6e0a2254991447ebbc236344ef177c0,,LOCAL,/Users/vanalmsick/Workspace/MasterThesis/app/e_analyses/_TF_Baseline.py,vanalmsick,FINISHED,None,None,None,1,1e-07,0,0.001,10,0,val_loss,0,Adam,25,True,None,True,None,False,None,1,0.0,None,1,0.15039865672588348,0.3770890533924103,0.36783739924430847,8170819.5,0.3402777910232544,0.34475550055503845,0.07056540250778198,0,0.526830792427063,0.1038665920495987,0.29434114694595337,0.29434114694595337,8251903.5,0.33799535036087036,0.2521399259567261,0.04616021737456322,0.5244755148887634
3a0dc257e5f54b418fc088bf5a2f6444,,LOCAL,/Users/vanalmsick/Workspace/MasterThesis/app/e_analyses/_TF_Baseline.py,vanalmsick,FINISHED,None,None,None,1,1e-07,0,0.001,10,0,val_loss,0,Adam,25,True,None,True,None,False,None,1,0.0,None,1,0.15133631229400635,0.38140198588371277,0.37226998805999756,9505272,0.3402777910232544,0.34668752551078796,0.07056540250778198,0,0.526830792427063,0.10465528815984726,0.29951730370521545,0.29951730370521545,9627208,0.33799535036087036,0.25365278124809265,0.04616021737456322,0.5244755148887634
9c06c8a3d87d4f50aeb4677dd1b83ab9,,LOCAL,/Users/vanalmsick/Workspace/MasterThesis/app/e_analyses/_TF_Baseline.py,vanalmsick,FINISHED,None,None,None,1,1e-07,0,0.001,10,0,val_loss,0,Adam,25,True,None,True,None,False,None,1,0.0,None,1,0.15236510336399078,0.3858354985713959,0.3768220841884613,10839726,0.3402777910232544,0.3488194942474365,0.07056540250778198,0,0.526830792427063,0.10553885251283646,0.30483368039131165,0.30483368039131165,11002516,0.33799535036087036,0.25536561012268066,0.04616021737456322,0.5244755148887634
bd45b979f94f43f089c35e714ea74560,,LOCAL,/Users/vanalmsick/Workspace/MasterThesis/app/e_analyses/_TF_Baseline.py,vanalmsick,FINISHED,None,None,None,1,1e-07,0,0.001,10,0,val_loss,0,Adam,25,True,None,True,None,False,None,1,0.0,None,1,0.15348505973815918,0.390406996011734,0.3815183937549591,12174177,0.3402777910232544,0.3511514365673065,0.07056540250778198,0,0.526830792427063,0.10651727020740509,0.3102615475654602,0.3102615475654602,12377822,0.33799535036087036,0.2572784423828125,0.04616021737456322,0.5244755148887634
e3bc34817d954ceda8242ce9452f7d81,,LOCAL,/Users/vanalmsick/Workspace/MasterThesis/app/e_analyses/_TF_Baseline.py,vanalmsick,FINISHED,None,None,None,1,1e-07,0,0.001,10,0,val_loss,0,Adam,25,True,None,True,None,False,None,1,0.0,None,1,0.1546962559223175,0.3951593339443207,0.3933141529560089,13350629,0.3402777910232544,0.365877628326416,0.07250138372182846,0,0.526830792427063,0.10759062319993973,0.31587961316108704,0.31587961316108704,13753129,0.33799535036087036,0.25939127802848816,0.04616021737456322,0.5244755148887634
8a7b1d9a38d64289a39e56d26f387f8f,,LOCAL,/Users/vanalmsick/Workspace/MasterThesis/app/e_analyses/_TF_Baseline.py,vanalmsick,FINISHED,None,None,None,1,1e-07,0,0.001,10,0,val_loss,0,Adam,25,True,None,True,None,False,None,1,0.0,None,1,0.18837249279022217,0.4196220934391022,0.4069560766220093,10592421,0.6089015007019043,0.4402821362018585,0.07482185959815979,0,0.526830792427063,0.1291871815919876,0.32246163487434387,0.32246163487434387,2610982.5,0.6993007063865662,0.31169626116752625,0.05246513709425926,0.5244755148887634
b522d0a967254dbbbaaa81079de502b6,,LOCAL,/Users/vanalmsick/Workspace/MasterThesis/app/e_analyses/_TF_Baseline.py,vanalmsick,FINISHED,None,None,None,1,1e-07,0,0.001,10,0,val_loss,0,Adam,25,True,None,True,None,False,None,1,0.0,None,1,0.19696372747421265,0.43060964345932007,0.4191361367702484,10514137,0.6221590638160706,0.47060152888298035,0.07888813316822052,0,0.526830792427063,0.12840816378593445,0.3134223520755768,0.3134223520755768,4363352,0.6689976453781128,0.3194248080253601,0.05113206058740616,0.5244755148887634
30fdf5db740d467ea973f2341537f61d,,LOCAL,/Users/vanalmsick/Workspace/MasterThesis/app/e_analyses/_TF_Baseline.py,vanalmsick,FINISHED,None,None,None,1,1e-07,0,0.001,10,0,val_loss,0,Adam,25,True,None,True,None,False,None,1,0.0,None,1,0.21327409148216248,0.4484432637691498,0.4417978823184967,11738849,0.622474730014801,0.5379124879837036,0.08688861131668091,0,0.526830792427063,0.14751654863357544,0.33440855145454407,0.33440855145454407,5588340.5,0.6503496766090393,0.3844304382801056,0.058683235198259354,0.5244755148887634
91d9b631d53f4846bd07ecc49d01b51f,,LOCAL,/Users/vanalmsick/Workspace/MasterThesis/app/e_analyses/_TF_Baseline.py,vanalmsick,FINISHED,None,None,None,1,1e-07,0,0.001,10,0,val_loss,0,Adam,25,True,None,True,None,False,None,1,0.0,None,1,0.2604590356349945,0.49763911962509155,0.4887867271900177,14397010,0.6259469985961914,0.6993234157562256,0.10176818072795868,0,0.526830792427063,0.19280263781547546,0.3927244544029236,0.3927244544029236,11480220,0.6620046496391296,0.5183638334274292,0.08206671476364136,0.5244755148887634
c7a0b2d8593f4478bb0723fe10e7345f,,LOCAL,/Users/vanalmsick/Workspace/MasterThesis/app/e_analyses/_TF_Baseline.py,vanalmsick,FINISHED,None,None,None,1,1e-07,0,0.001,10,0,val_loss,0,Adam,25,True,None,True,None,False,None,1,0.0,None,1,0.2604590356349945,0.49763911962509155,0.4704173505306244,12671663,0.6259469985961914,0.6682363152503967,0.09739644825458527,0,0.526830792427063,0.19280263781547546,0.3927244544029236,0.3927244544029236,11480220,0.6620046496391296,0.5183638334274292,0.08206671476364136,0.5244755148887634
a57c47e594b84a8b8f94006037399058,,LOCAL,/Users/vanalmsick/Workspace/MasterThesis/app/e_analyses/_TF_Baseline.py,vanalmsick,FINISHED,None,None,None,1,1e-07,0,0.001,10,0,val_loss,0,Adam,25,True,None,True,None,False,None,1,0.0,None,1,0.15232539176940918,0.3654092252254486,0.35737693309783936,6185783.5,0.6989607810974121,0.3533571660518646,0.06356212496757507,0,0.5246396064758301,0.11695057898759842,0.291882187128067,0.291882187128067,5614123.5,0.7493734359741211,0.2717365026473999,0.06147206947207451,0.548872172832489
619923989aff4d70a9a1665edf04d54f,,LOCAL,/Users/vanalmsick/Workspace/MasterThesis/app/e_analyses/_TF_Baseline.py,vanalmsick,FINISHED,None,None,None,1,1e-07,0,0.001,10,0,val_loss,0,Adam,25,True,None,True,None,False,None,1,0.0,None,1,0.15374673902988434,0.36904072761535645,0.3603726327419281,11889527,0.5246396064758301,0.35670676827430725,0.05665886774659157,0,0.5246396064758301,0.11733292788267136,0.2973260283470154,0.2973260283470154,12631694,0.548872172832489,0.27139997482299805,0.054766155779361725,0.548872172832489
240c12570c8944fe8abedb79ff775534,,LOCAL,/Users/vanalmsick/Workspace/MasterThesis/app/e_analyses/_TF_Baseline.py,vanalmsick,FINISHED,None,None,None,1,1e-07,0,0.001,10,0,val_loss,0,Adam,25,True,None,True,None,False,None,1,0.0,None,1,0.15327972173690796,0.36778828501701355,0.3590995967388153,10550080,0.5246396064758301,0.3556605577468872,0.05786507576704025,0,0.5246396064758301,0.1170719712972641,0.2955682575702667,0.2955682575702667,11228179,0.548872172832489,0.2710672914981842,0.0557345449924469,0.548872172832489
4c833d4cbad84946a1820a3febb97742,,LOCAL,/Users/vanalmsick/Workspace/MasterThesis/app/e_analyses/_TF_Baseline.py,vanalmsick,FINISHED,None,None,None,1,1e-07,0,0.001,10,0,val_loss,0,Adam,25,True,None,True,None,False,None,1,0.0,None,1,0.15290400385856628,0.3667968213558197,0.358079731464386,9210631,0.5246396064758301,0.354814350605011,0.059255171567201614,0,0.5246396064758301,0.11690327525138855,0.2941414713859558,0.2941414713859558,9824665,0.548872172832489,0.2709346115589142,0.056884195655584335,0.548872172832489
ef10d1a9427c4141ace3e2a34153a827,,LOCAL,/Users/vanalmsick/Workspace/MasterThesis/app/e_analyses/_TF_Baseline.py,vanalmsick,FINISHED,None,None,None,1,1e-07,0,0.001,10,0,val_loss,0,Adam,25,True,None,True,None,False,None,1,0.0,None,1,0.1526196300983429,0.3660120964050293,0.35729822516441345,7871183,0.5246396064758301,0.3541681468486786,0.06083424389362335,0,0.5246396064758301,0.11682680249214172,0.292909175157547,0.292909175157547,8421150,0.548872172832489,0.2710018754005432,0.05822019279003143,0.548872172832489
738cb08f854a415eabd9fb904985cde4,,LOCAL,/Users/vanalmsick/Workspace/MasterThesis/app/e_analyses/_TF_Baseline.py,vanalmsick,FINISHED,None,None,None,1,1e-07,0,0.001,10,0,val_loss,0,Adam,25,True,None,True,None,False,None,1,0.0,None,1,0.15242674946784973,0.36558040976524353,0.3568856716156006,6531732.5,0.6989607810974121,0.35372185707092285,0.06260757148265839,0,0.5246396064758301,0.11684256792068481,0.29215148091316223,0.29215148091316223,7017637,0.7493734359741211,0.27126917243003845,0.05974768474698067,0.548872172832489
2110c2f89f1f41a5923433ca31aaf9cb,,LOCAL,/Users/vanalmsick/Workspace/MasterThesis/app/e_analyses/_TF_Baseline.py,vanalmsick,FINISHED,None,None,None,1,1e-07,0,0.001,10,0,val_loss,0,Adam,25,True,None,True,None,False,None,1,0.0,None,1,0.15232539176940918,0.3654092252254486,0.3567582070827484,5192285.5,0.6989607810974121,0.3534756004810333,0.06458059698343277,0,0.5246396064758301,0.11695057898759842,0.291882187128067,0.291882187128067,5614123.5,0.7493734359741211,0.2717365026473999,0.06147206947207451,0.548872172832489
03422b001ed44fbdbfe1d0c2ff805d75,,LOCAL,/Users/vanalmsick/Workspace/MasterThesis/app/e_analyses/_TF_Baseline.py,vanalmsick,FINISHED,None,None,None,1,1e-07,0,0.001,10,0,val_loss,0,Adam,25,True,None,True,None,False,None,1,0.0,None,1,0.15231558680534363,0.36542195081710815,0.35683321952819824,3852838.75,0.6989607810974121,0.3534294366836548,0.0667589008808136,0,0.5246396064758301,0.11715098470449448,0.29208147525787354,0.29208147525787354,4210612.5,0.7493734359741211,0.2724037766456604,0.06339892745018005,0.548872172832489
a94deaafcde349b1a6aa86d444c037eb,,LOCAL,/Users/vanalmsick/Workspace/MasterThesis/app/e_analyses/_TF_Baseline.py,vanalmsick,FINISHED,None,None,None,1,1e-07,0,0.001,10,0,val_loss,0,Adam,25,True,None,True,None,False,None,1,0.0,None,1,0.1523972898721695,0.36558642983436584,0.35706064105033875,2513393,0.6989607810974121,0.3535831868648529,0.06914837658405304,0,0.5246396064758301,0.11744389683008194,0.2926221191883087,0.2926221191883087,2807102.25,0.7493734359741211,0.2732711136341095,0.06553404033184052,0.548872172832489
1c209820ea70454caf49a6e94986d96f,,LOCAL,/Users/vanalmsick/Workspace/MasterThesis/app/e_analyses/_TF_Baseline.py,vanalmsick,FINISHED,None,None,None,1,1e-07,0,0.001,10,0,val_loss,0,Adam,25,True,None,True,None,False,None,1,0.0,None,1,0.1525704264640808,0.3659035861492157,0.35744985938072205,1173947.75,0.6989607810974121,0.35393694043159485,0.07175517827272415,0,0.5246396064758301,0.11782927066087723,0.2933202087879181,0.2933202087879181,1403593,0.7493734359741211,0.27433839440345764,0.06788335740566254,0.548872172832489
3da815a112f04c8faaa25cc3e821598d,,LOCAL,/Users/vanalmsick/Workspace/MasterThesis/app/e_analyses/_TF_Baseline.py,vanalmsick,FINISHED,None,None,None,1,1e-07,0,0.001,10,0,val_loss,0,Adam,25,True,None,True,None,False,None,1,0.0,None,1,0.15283504128456116,0.3663586378097534,0.3582981824874878,165669.40625,0.5149178504943848,0.35449081659317017,0.0742553323507309,0,0.5246396064758301,0.1183069497346878,0.29424819350242615,0.29424819350242615,85.96491241455078,0.518796980381012,0.2756056785583496,0.07045307010412216,0.548872172832489
84269b46aa12472eb2938d40c2d92258,,LOCAL,/Users/vanalmsick/Workspace/MasterThesis/app/e_analyses/_TF_Baseline.py,vanalmsick,FINISHED,None,None,None,1,1e-07,0,0.001,10,0,val_loss,0,Adam,25,True,None,True,None,False,None,1,0.0,None,1,0.15319088101387024,0.3695530891418457,0.36158639192581177,1505115.625,0.5149178504943848,0.3552444577217102,0.0742553323507309,0,0.5246396064758301,0.11887700110673904,0.2980367839336395,0.2980367839336395,1403597.375,0.518796980381012,0.2770729959011078,0.07045307010412216,0.548872172832489
d7c0acf47fce4606bdb025acaed84799,,LOCAL,/Users/vanalmsick/Workspace/MasterThesis/app/e_analyses/_TF_Baseline.py,vanalmsick,FINISHED,None,None,None,1,1e-07,0,0.001,10,0,val_loss,0,Adam,25,True,None,True,None,False,None,1,0.0,None,1,0.15363796055316925,0.3728954493999481,0.3650341331958771,2844563.5,0.5149178504943848,0.3561983108520508,0.0742553323507309,0,0.5246396064758301,0.11953951418399811,0.30202576518058777,0.30202576518058777,2807110.25,0.518796980381012,0.2787402868270874,0.07045307010412216,0.548872172832489
45bb1a0863a941dab92bc0e689c4ffa2,,LOCAL,/Users/vanalmsick/Workspace/MasterThesis/app/e_analyses/_TF_Baseline.py,vanalmsick,FINISHED,None,None,None,1,1e-07,0,0.001,10,0,val_loss,0,Adam,25,True,None,True,None,False,None,1,0.0,None,1,0.15417613089084625,0.37645572423934937,0.36869457364082336,4184014,0.5149178504943848,0.3573521077632904,0.0742553323507309,0,0.5246396064758301,0.12029451876878738,0.30626142024993896,0.30626142024993896,4210625,0.518796980381012,0.28060758113861084,0.07045307010412216,0.548872172832489
9f88449a452348d8b39fb0991802c72a,,LOCAL,/Users/vanalmsick/Workspace/MasterThesis/app/e_analyses/_TF_Baseline.py,vanalmsick,FINISHED,None,None,None,1,1e-07,0,0.001,10,0,val_loss,0,Adam,25,True,None,True,None,False,None,1,0.0,None,1,0.1548052579164505,0.3801720142364502,0.37253642082214355,5523464,0.5149178504943848,0.3587058484554291,0.0742553323507309,0,0.5246396064758301,0.12114199995994568,0.3106707036495209,0.3106707036495209,5614141,0.518796980381012,0.2826749086380005,0.07045307010412216,0.548872172832489
daad8f20ed6f4a2f894f1ef5fc4eb89e,,LOCAL,/Users/vanalmsick/Workspace/MasterThesis/app/e_analyses/_TF_Baseline.py,vanalmsick,FINISHED,None,None,None,1,1e-07,0,0.001,10,0,val_loss,0,Adam,25,True,None,True,None,False,None,1,0.0,None,1,0.15552541613578796,0.38406357169151306,0.3765787184238434,6862913.5,0.5149178504943848,0.36025962233543396,0.0742553323507309,0,0.5246396064758301,0.12208203971385956,0.3154512941837311,0.3154512941837311,7017655.5,0.518796980381012,0.2849421799182892,0.07045307010412216,0.548872172832489
1041a48905544bc8af863dd9f05a972b,,LOCAL,/Users/vanalmsick/Workspace/MasterThesis/app/e_analyses/_TF_Baseline.py,vanalmsick,FINISHED,None,None,None,1,1e-07,0,0.001,10,0,val_loss,0,Adam,25,True,None,True,None,False,None,1,0.0,None,1,0.15633659064769745,0.3881172239780426,0.38079214096069336,8202365.5,0.34227287769317627,0.36201348900794983,0.0742553323507309,0,0.5246396064758301,0.12311495840549469,0.3206205666065216,0.3206205666065216,8421173,0.310776948928833,0.2874095141887665,0.07045307010412216,0.548872172832489
4773c144bc6e4779a4e056d8fb9b043c,,LOCAL,/Users/vanalmsick/Workspace/MasterThesis/app/e_analyses/_TF_Baseline.py,vanalmsick,FINISHED,None,None,None,1,1e-07,0,0.001,10,0,val_loss,0,Adam,25,True,None,True,None,False,None,1,0.0,None,1,0.15723860263824463,0.3922702670097351,0.3851091265678406,9541815,0.34227287769317627,0.36396732926368713,0.0742553323507309,0,0.5246396064758301,0.12424081563949585,0.32602837681770325,0.32602837681770325,9824690,0.310776948928833,0.2900768220424652,0.07045307010412216,0.548872172832489
7d5060e616584bcda6db5e6491e8dedc,,LOCAL,/Users/vanalmsick/Workspace/MasterThesis/app/e_analyses/_TF_Baseline.py,vanalmsick,FINISHED,None,None,None,1,1e-07,0,0.001,10,0,val_loss,0,Adam,25,True,None,True,None,False,None,1,0.0,None,1,0.15823130309581757,0.3965397775173187,0.38954606652259827,10881266,0.34227287769317627,0.36612096428871155,0.0742553323507309,0,0.5246396064758301,0.1254594475030899,0.33157116174697876,0.33157116174697876,11228207,0.310776948928833,0.29294413328170776,0.07045307010412216,0.548872172832489
77cea02b52da493497b497f1321e0089,,LOCAL,/Users/vanalmsick/Workspace/MasterThesis/app/e_analyses/_TF_Baseline.py,vanalmsick,FINISHED,None,None,None,1,1e-07,0,0.001,10,0,val_loss,0,Adam,25,True,None,True,None,False,None,1,0.0,None,1,0.15931478142738342,0.4009492099285126,0.3941216766834259,12220719,0.34227287769317627,0.36847472190856934,0.0742553323507309,0,0.5246396064758301,0.1267707198858261,0.3372596502304077,0.3372596502304077,12631725,0.310776948928833,0.29601141810417175,0.07045307010412216,0.548872172832489
7ac37907868b4b7680dd66972f723d64,,LOCAL,/Users/vanalmsick/Workspace/MasterThesis/app/e_analyses/_TF_Baseline.py,vanalmsick,FINISHED,None,None,None,1,1e-07,0,0.001,10,0,val_loss,0,Adam,25,True,None,True,None,False,None,1,0.0,None,1,0.16048908233642578,0.40554487705230713,0.3951060473918915,11963950,0.34227287769317627,0.3715619742870331,0.07196231931447983,0,0.5246396064758301,0.128174290060997,0.3430779278278351,0.3430779278278351,14035243,0.310776948928833,0.29927870631217957,0.07045307010412216,0.548872172832489
206faad511f34dd3817314562a559067,,LOCAL,/Users/vanalmsick/Workspace/MasterThesis/app/e_analyses/_TF_Baseline.py,vanalmsick,FINISHED,None,None,None,1,1e-07,0,0.001,10,0,val_loss,0,Adam,25,True,None,True,None,False,None,1,0.0,None,1,0.18961241841316223,0.42332303524017334,0.4206187427043915,11204432,0.6128059029579163,0.459419310092926,0.07801497727632523,0,0.5246396064758301,0.17121516168117523,0.37926217913627625,0.37926217913627625,5761803,0.6240601539611816,0.40427297353744507,0.07874661684036255,0.548872172832489
35e966c26bf5424389778d7d26437846,,LOCAL,/Users/vanalmsick/Workspace/MasterThesis/app/e_analyses/_TF_Baseline.py,vanalmsick,FINISHED,None,None,None,1,1e-07,0,0.001,10,0,val_loss,0,Adam,25,True,None,True,None,False,None,1,0.0,None,1,0.19713768362998962,0.4333634078502655,0.42921772599220276,11133871,0.6225276589393616,0.4839708209037781,0.08084281533956528,0,0.5246396064758301,0.18651461601257324,0.40040090680122375,0.40040090680122375,4557749.5,0.6390977501869202,0.4476563036441803,0.08544830232858658,0.548872172832489
87268d99d0994e5bae1742402694c260,,LOCAL,/Users/vanalmsick/Workspace/MasterThesis/app/e_analyses/_TF_Baseline.py,vanalmsick,FINISHED,None,None,None,1,1e-07,0,0.001,10,0,val_loss,0,Adam,25,True,None,True,None,False,None,1,0.0,None,1,0.2163373976945877,0.45534396171569824,0.4476470351219177,11688102,0.6221924424171448,0.5476577877998352,0.08655980974435806,0,0.5246396064758301,0.19072400033473969,0.39822399616241455,0.39822399616241455,5099151.5,0.6365914940834045,0.4852723181247711,0.08588898926973343,0.548872172832489
512da1c9ba89486b8ca31a6de0894a4e,,LOCAL,/Users/vanalmsick/Workspace/MasterThesis/app/e_analyses/_TF_Baseline.py,vanalmsick,FINISHED,None,None,None,1,1e-07,0,0.001,10,0,val_loss,0,Adam,25,True,None,True,None,False,None,1,0.0,None,1,0.2719142436981201,0.5153497457504272,0.49994346499443054,14742917,0.6275561451911926,0.7294650077819824,0.10672654211521149,0,0.5246396064758301,0.19493278861045837,0.3901033401489258,0.3901033401489258,2927551,0.6491228342056274,0.5383114814758301,0.08087918162345886,0.548872172832489
c156f5e9046741288c7eabfe4c3a64b8,,LOCAL,/Users/vanalmsick/Workspace/MasterThesis/app/e_analyses/_TF_Baseline.py,vanalmsick,FINISHED,None,None,None,1,1e-07,0,0.001,10,0,val_loss,0,Adam,25,True,None,True,None,False,None,1,0.0,None,1,0.2719142436981201,0.5153497457504272,0.5153497457504272,15211458,0.6275561451911926,0.7597897052764893,0.11026819050312042,0,0.5246396064758301,0.19493278861045837,0.3901033401489258,0.3901033401489258,2927551,0.6491228342056274,0.5383114814758301,0.08087918162345886,0.548872172832489
